,S_Pedro,S_Santiago,S_Juan,S_Andrés,S_Bartolomé,S_Tiago,S_Isca,S_Tadeo,S_Mateo,S_Felipe,S_Simón,S_Tomás
2020-09-23 14:00:00,0.0,-1.0,0.0,-1.0,0.0,-1.0,0.0,-1.0,-1.0,0.0,-1.0,1.0
2020-09-23 14:01:00,0.0,-1.5,0.5,-1.5,0.0,-1.5,0.5,-0.5,-0.5,-0.5,-1.0,0.5
2020-09-23 14:02:00,0.3333333333333333,-1.3333333333333333,1.0,-1.6666666666666667,0.0,-1.6666666666666667,1.0,0.0,0.0,-1.0,-1.0,0.0
2020-09-23 14:03:00,0.5,-1.0,1.0,-1.5,0.0,-1.5,1.25,0.25,0.25,-1.0,-1.0,0.0
2020-09-23 14:04:00,0.8,-0.8,0.8,-1.6,-0.2,-1.2,1.4,0.6,0.2,-1.2,-1.2,0.2
2020-09-23 14:05:00,0.8333333333333334,-0.6666666666666666,0.5,-1.6666666666666667,-0.16666666666666666,-1.0,1.5,0.8333333333333334,0.0,-1.1666666666666667,-1.5,0.5
2020-09-23 14:06:00,1.0,-0.5714285714285714,0.14285714285714285,-1.7142857142857142,0.0,-1.0,1.5714285714285714,0.8571428571428571,-0.14285714285714285,-1.1428571428571428,-1.5714285714285714,0.5714285714285714
2020-09-23 14:07:00,1.0,-0.625,-0.125,-1.75,0.25,-1.125,1.75,1.0,-0.125,-1.0,-1.75,0.5
2020-09-23 14:08:00,1.1111111111111112,-0.6666666666666666,-0.2222222222222222,-1.6666666666666667,0.5555555555555556,-1.2222222222222223,1.7777777777777777,1.1111111111111112,-0.1111111111111111,-0.8888888888888888,-1.7777777777777777,0.4444444444444444
2020-09-23 14:09:00,1.2,-0.6,-0.3,-1.5,0.8,-1.4,1.9,1.3,-0.2,-0.8,-1.9,0.4
2020-09-23 14:10:00,1.2727272727272727,-0.6363636363636364,-0.36363636363636365,-1.3636363636363635,1.0,-1.5454545454545454,1.9090909090909092,1.3636363636363635,-0.36363636363636365,-0.7272727272727273,-1.9090909090909092,0.45454545454545453
2020-09-23 14:11:00,1.25,-0.75,-0.5,-1.3333333333333333,1.25,-1.5833333333333333,1.8333333333333333,1.3333333333333333,-0.5,-0.6666666666666666,-1.9166666666666667,0.5
2020-09-23 14:12:00,1.1538461538461537,-0.8461538461538461,-0.6153846153846154,-1.2307692307692308,1.3846153846153846,-1.6153846153846154,1.7692307692307692,1.3076923076923077,-0.6923076923076923,-0.6923076923076923,-2.0,0.5384615384615384
2020-09-23 14:13:00,1.0714285714285714,-0.8571428571428571,-0.6428571428571429,-1.1428571428571428,1.5,-1.6428571428571428,1.7857142857142858,1.2857142857142858,-0.7857142857142857,-0.6428571428571429,-2.142857142857143,0.5
2020-09-23 14:14:00,1.0,-0.9333333333333333,-0.6666666666666666,-1.1333333333333333,1.6666666666666667,-1.6,1.8,1.3333333333333333,-0.8666666666666667,-0.6,-2.2,0.4
2020-09-23 14:15:00,0.875,-0.9375,-0.75,-1.125,1.875,-1.5625,1.8125,1.375,-0.875,-0.625,-2.25,0.25
2020-09-23 14:16:00,0.8235294117647058,-0.8823529411764706,-0.8235294117647058,-1.1764705882352942,2.0588235294117645,-1.588235294117647,1.7647058823529411,1.3529411764705883,-0.9411764705882353,-0.7058823529411765,-2.235294117647059,0.17647058823529413
2020-09-23 14:17:00,0.7222222222222222,-0.7777777777777778,-0.8888888888888888,-1.2222222222222223,2.1666666666666665,-1.5555555555555556,1.7777777777777777,1.3333333333333333,-1.0,-0.7222222222222222,-2.1666666666666665,0.1111111111111111
2020-09-23 14:18:00,0.631578947368421,-0.631578947368421,-0.9473684210526315,-1.263157894736842,2.3157894736842106,-1.5789473684210527,1.8421052631578947,1.368421052631579,-1.105263157894737,-0.7894736842105263,-2.1052631578947367,0.0
2020-09-23 14:19:00,0.6,-0.5,-1.0,-1.25,2.4,-1.6,1.9,1.35,-1.2,-0.85,-2.05,-0.05
2020-09-23 14:20:00,0.6190476190476191,-0.42857142857142855,-1.0952380952380953,-1.2380952380952381,2.5238095238095237,-1.6666666666666667,1.9047619047619047,1.380952380952381,-1.3333333333333333,-0.8571428571428571,-2.0476190476190474,-0.09523809523809523
2020-09-23 14:21:00,0.5909090909090909,-0.36363636363636365,-1.1363636363636365,-1.1818181818181819,2.6818181818181817,-1.7272727272727273,1.9545454545454546,1.3636363636363635,-1.5,-0.9090909090909091,-2.0454545454545454,-0.09090909090909091
2020-09-23 14:22:00,0.5652173913043478,-0.2608695652173913,-1.2173913043478262,-1.1304347826086956,2.8260869565217392,-1.7391304347826086,2.0434782608695654,1.3043478260869565,-1.6521739130434783,-0.9565217391304348,-2.0434782608695654,-0.13043478260869565
2020-09-23 14:23:00,0.5833333333333334,-0.125,-1.3333333333333333,-1.0416666666666667,3.0,-1.7083333333333333,2.0833333333333335,1.2083333333333333,-1.8333333333333333,-1.0,-2.0833333333333335,-0.20833333333333334
2020-09-23 14:24:00,0.6,-0.04,-1.4,-0.96,3.12,-1.64,2.08,1.12,-1.96,-1.0,-2.16,-0.32
2020-09-23 14:25:00,0.6538461538461539,0.07692307692307693,-1.4230769230769231,-0.8846153846153846,3.269230769230769,-1.6153846153846154,2.076923076923077,1.0384615384615385,-2.0384615384615383,-1.0384615384615385,-2.269230769230769,-0.38461538461538464
2020-09-23 14:26:00,0.6666666666666666,0.18518518518518517,-1.4074074074074074,-0.8148148148148148,3.4074074074074074,-1.6296296296296295,2.074074074074074,0.9629629629629629,-2.1481481481481484,-1.1111111111111112,-2.3703703703703702,-0.4444444444444444
2020-09-23 14:27:00,0.6428571428571429,0.32142857142857145,-1.3571428571428572,-0.7142857142857143,3.5,-1.6428571428571428,2.0357142857142856,0.8928571428571429,-2.25,-1.1428571428571428,-2.4285714285714284,-0.5357142857142857
2020-09-23 14:28:00,0.6206896551724138,0.4482758620689655,-1.2758620689655173,-0.6206896551724138,3.5517241379310347,-1.6551724137931034,2.0,0.8275862068965517,-2.3448275862068964,-1.1724137931034482,-2.4482758620689653,-0.6206896551724138
2020-09-23 14:29:00,0.6333333333333333,0.5666666666666667,-1.1666666666666667,-0.5333333333333333,3.566666666666667,-1.6666666666666667,2.0,0.7666666666666667,-2.4,-1.2,-2.5,-0.7333333333333333
2020-09-23 14:30:00,0.6774193548387096,0.7096774193548387,-1.032258064516129,-0.45161290322580644,3.5483870967741935,-1.7096774193548387,2.0,0.7419354838709677,-2.4838709677419355,-1.2580645161290323,-2.5806451612903225,-0.8064516129032258
2020-09-23 14:31:00,0.6875,0.84375,-0.875,-0.40625,3.5,-1.78125,2.0,0.71875,-2.59375,-1.34375,-2.65625,-0.875
2020-09-23 14:32:00,0.6666666666666666,1.0,-0.7272727272727273,-0.3333333333333333,3.4242424242424243,-1.878787878787879,2.0,0.7272727272727273,-2.6666666666666665,-1.4242424242424243,-2.696969696969697,-0.9393939393939394
2020-09-23 14:33:00,0.6470588235294118,1.1176470588235294,-0.5882352941176471,-0.23529411764705882,3.3823529411764706,-1.9705882352941178,2.0,0.7352941176470589,-2.7058823529411766,-1.5,-2.7058823529411766,-1.0
2020-09-23 14:34:00,0.6285714285714286,1.2285714285714286,-0.4857142857142857,-0.11428571428571428,3.342857142857143,-2.085714285714286,2.0285714285714285,0.7714285714285715,-2.7714285714285714,-1.6,-2.742857142857143,-1.0571428571428572
2020-09-23 14:35:00,0.6111111111111112,1.3611111111111112,-0.4166666666666667,0.027777777777777776,3.3333333333333335,-2.1666666666666665,2.0555555555555554,0.8055555555555556,-2.861111111111111,-1.6666666666666667,-2.7777777777777777,-1.0833333333333333
2020-09-23 14:36:00,0.5675675675675675,1.4594594594594594,-0.32432432432432434,0.1891891891891892,3.2972972972972974,-2.27027027027027,2.054054054054054,0.8378378378378378,-2.945945945945946,-1.7567567567567568,-2.7837837837837838,-1.135135135135135
2020-09-23 14:37:00,0.5526315789473685,1.5789473684210527,-0.23684210526315788,0.3157894736842105,3.236842105263158,-2.3684210526315788,2.026315789473684,0.8421052631578947,-3.026315789473684,-1.8157894736842106,-2.763157894736842,-1.1578947368421053
2020-09-23 14:38:00,0.5384615384615384,1.6923076923076923,-0.1794871794871795,0.46153846153846156,3.1538461538461537,-2.4358974358974357,2.0256410256410255,0.8205128205128205,-3.1025641025641026,-1.8974358974358974,-2.7435897435897436,-1.1538461538461537
2020-09-23 14:39:00,0.525,1.775,-0.125,0.575,3.1,-2.5,2.025,0.8,-3.175,-2.0,-2.75,-1.125
2020-09-23 14:40:00,0.4878048780487805,1.853658536585366,-0.07317073170731707,0.6585365853658537,3.048780487804878,-2.5609756097560976,2.048780487804878,0.7560975609756098,-3.268292682926829,-2.1219512195121952,-2.7560975609756095,-1.1219512195121952
2020-09-23 14:41:00,0.4523809523809524,1.9047619047619047,0.0,0.7380952380952381,3.0238095238095237,-2.5952380952380953,2.0476190476190474,0.6904761904761905,-3.380952380952381,-2.2142857142857144,-2.738095238095238,-1.1428571428571428
2020-09-23 14:42:00,0.4418604651162791,1.930232558139535,0.09302325581395349,0.813953488372093,2.9767441860465116,-2.6511627906976742,2.0232558139534884,0.6511627906976745,-3.488372093023256,-2.302325581395349,-2.7209302325581395,-1.1395348837209303
2020-09-23 14:43:00,0.45454545454545453,1.9772727272727273,0.18181818181818182,0.8636363636363636,2.9318181818181817,-2.727272727272727,1.9772727272727273,0.6136363636363636,-3.6136363636363638,-2.409090909090909,-2.6818181818181817,-1.1136363636363635
2020-09-23 14:44:00,0.4666666666666667,2.0444444444444443,0.24444444444444444,0.9333333333333333,2.888888888888889,-2.8,1.9555555555555555,0.5555555555555556,-3.7111111111111112,-2.533333333333333,-2.6222222222222222,-1.0888888888888888
2020-09-23 14:45:00,0.4666666666666667,2.2,0.3111111111111111,1.0444444444444445,2.933333333333333,-2.911111111111111,1.9777777777777779,0.5111111111111111,-3.8666666666666667,-2.7333333333333334,-2.6222222222222222,-1.0888888888888888
2020-09-23 14:46:00,0.4444444444444444,2.4,0.37777777777777777,1.1555555555555554,3.0,-3.022222222222222,2.0,0.4666666666666667,-4.044444444444444,-2.911111111111111,-2.6222222222222222,-1.0444444444444445
2020-09-23 14:47:00,0.4222222222222222,2.6,0.4222222222222222,1.2666666666666666,3.066666666666667,-3.1333333333333333,2.022222222222222,0.37777777777777777,-4.266666666666667,-3.066666666666667,-2.6,-1.0
2020-09-23 14:48:00,0.4,2.7555555555555555,0.5111111111111111,1.3333333333333333,3.1333333333333333,-3.2444444444444445,2.022222222222222,0.3111111111111111,-4.511111111111111,-3.2444444444444445,-2.577777777777778,-0.9555555555555556
2020-09-23 14:49:00,0.3333333333333333,2.888888888888889,0.6444444444444445,1.4444444444444444,3.2444444444444445,-3.4,2.022222222222222,0.2,-4.711111111111111,-3.3777777777777778,-2.533333333333333,-0.9111111111111111
2020-09-23 14:50:00,0.3111111111111111,3.0444444444444443,0.8,1.5333333333333334,3.3333333333333335,-3.577777777777778,2.022222222222222,0.1111111111111111,-4.866666666666666,-3.511111111111111,-2.466666666666667,-0.8888888888888888
2020-09-23 14:51:00,0.24444444444444444,3.1777777777777776,1.0,1.6222222222222222,3.422222222222222,-3.7555555555555555,2.022222222222222,0.06666666666666667,-5.044444444444444,-3.6444444444444444,-2.4,-0.8222222222222222
2020-09-23 14:52:00,0.17777777777777778,3.311111111111111,1.2,1.6888888888888889,3.511111111111111,-3.911111111111111,2.022222222222222,-0.022222222222222223,-5.266666666666667,-3.8,-2.3333333333333335,-0.7333333333333333
2020-09-23 14:53:00,0.1111111111111111,3.422222222222222,1.3555555555555556,1.7555555555555555,3.6,-4.044444444444444,2.066666666666667,-0.1111111111111111,-5.466666666666667,-3.9555555555555557,-2.2666666666666666,-0.6222222222222222
2020-09-23 14:54:00,0.044444444444444446,3.511111111111111,1.5333333333333334,1.8222222222222222,3.6666666666666665,-4.177777777777778,2.066666666666667,-0.24444444444444444,-5.644444444444445,-4.111111111111111,-2.2,-0.4888888888888889
2020-09-23 14:55:00,0.0,3.6,1.6888888888888889,1.8666666666666667,3.7111111111111112,-4.288888888888889,2.088888888888889,-0.35555555555555557,-5.822222222222222,-4.2444444444444445,-2.1555555555555554,-0.37777777777777777
2020-09-23 14:56:00,-0.044444444444444446,3.7111111111111112,1.8444444444444446,1.9111111111111112,3.7555555555555555,-4.4,2.1555555555555554,-0.4666666666666667,-5.977777777777778,-4.377777777777778,-2.1333333333333333,-0.26666666666666666
2020-09-23 14:57:00,-0.08888888888888889,3.8222222222222224,2.022222222222222,1.9333333333333333,3.8222222222222224,-4.511111111111111,2.2222222222222223,-0.5777777777777777,-6.111111111111111,-4.466666666666667,-2.088888888888889,-0.17777777777777778
2020-09-23 14:58:00,-0.1111111111111111,3.933333333333333,2.2,1.9777777777777779,3.8666666666666667,-4.6,2.2888888888888888,-0.6888888888888889,-6.266666666666667,-4.6,-2.0444444444444443,-0.06666666666666667
2020-09-23 14:59:00,-0.13333333333333333,4.088888888888889,2.4,2.0444444444444443,3.911111111111111,-4.733333333333333,2.3777777777777778,-0.8,-6.4222222222222225,-4.711111111111111,-2.022222222222222,0.044444444444444446
2020-09-23 15:00:00,-0.15555555555555556,4.2444444444444445,2.6222222222222222,2.1333333333333333,3.933333333333333,-4.844444444444444,2.4444444444444446,-0.9333333333333333,-6.6,-4.822222222222222,-2.022222222222222,0.17777777777777778
2020-09-23 15:01:00,-0.2222222222222222,4.355555555555555,2.8444444444444446,2.2222222222222223,3.9555555555555557,-4.955555555555556,2.533333333333333,-1.0444444444444445,-6.733333333333333,-4.933333333333334,-2.066666666666667,0.3111111111111111
2020-09-23 15:02:00,-0.26666666666666666,4.444444444444445,3.066666666666667,2.2888888888888888,4.0,-5.088888888888889,2.6,-1.1555555555555554,-6.844444444444444,-5.044444444444444,-2.111111111111111,0.4666666666666667
2020-09-23 15:03:00,-0.3111111111111111,4.488888888888889,3.2888888888888888,2.3555555555555556,4.0,-5.2,2.6222222222222222,-1.288888888888889,-6.933333333333334,-5.111111111111111,-2.1555555555555554,0.6222222222222222
2020-09-23 15:04:00,-0.35555555555555557,4.533333333333333,3.511111111111111,2.3777777777777778,4.022222222222222,-5.311111111111111,2.6666666666666665,-1.3777777777777778,-7.022222222222222,-5.155555555555556,-2.1777777777777776,0.7333333333333333
2020-09-23 15:05:00,-0.4222222222222222,4.5777777777777775,3.7555555555555555,2.422222222222222,4.0,-5.377777777777778,2.7111111111111112,-1.4666666666666666,-7.111111111111111,-5.222222222222222,-2.1555555555555554,0.8666666666666667
2020-09-23 15:06:00,-0.4888888888888889,4.644444444444445,3.9555555555555557,2.422222222222222,3.9555555555555557,-5.4222222222222225,2.7555555555555555,-1.5555555555555556,-7.177777777777778,-5.288888888888889,-2.1333333333333333,1.0
2020-09-23 15:07:00,-0.5555555555555556,4.666666666666667,4.2,2.4,3.933333333333333,-5.488888888888889,2.7555555555555555,-1.6444444444444444,-7.2444444444444445,-5.333333333333333,-2.111111111111111,1.1555555555555554
2020-09-23 15:08:00,-0.6666666666666666,4.688888888888889,4.488888888888889,2.3777777777777778,3.8666666666666667,-5.6,2.8,-1.7333333333333334,-7.288888888888889,-5.4,-2.088888888888889,1.3555555555555556
2020-09-23 15:09:00,-0.7777777777777778,4.7555555555555555,4.733333333333333,2.3333333333333335,3.8,-5.733333333333333,2.8666666666666667,-1.8444444444444446,-7.333333333333333,-5.511111111111111,-2.0444444444444443,1.5777777777777777
2020-09-23 15:10:00,-0.8888888888888888,4.8,4.933333333333334,2.2666666666666666,3.688888888888889,-5.822222222222222,2.933333333333333,-1.9333333333333333,-7.4,-5.5777777777777775,-1.9555555555555555,1.7555555555555555
2020-09-23 15:11:00,-1.0,4.844444444444444,5.133333333333334,2.2222222222222223,3.6,-5.911111111111111,3.0,-2.0,-7.4222222222222225,-5.6,-1.8666666666666667,1.9333333333333333
2020-09-23 15:12:00,-1.0666666666666667,4.888888888888889,5.288888888888889,2.1555555555555554,3.511111111111111,-5.977777777777778,3.088888888888889,-2.066666666666667,-7.444444444444445,-5.666666666666667,-1.8222222222222222,2.1333333333333333
2020-09-23 15:13:00,-1.1333333333333333,4.911111111111111,5.4,2.088888888888889,3.4444444444444446,-6.066666666666666,3.2,-2.1555555555555554,-7.488888888888889,-5.711111111111111,-1.8,2.311111111111111
2020-09-23 15:14:00,-1.2444444444444445,4.933333333333334,5.511111111111111,2.022222222222222,3.4,-6.177777777777778,3.2888888888888888,-2.2222222222222223,-7.533333333333333,-5.7555555555555555,-1.7777777777777777,2.533333333333333
2020-09-23 15:15:00,-1.4,4.933333333333334,5.622222222222222,1.9777777777777779,3.3555555555555556,-6.288888888888889,3.3555555555555556,-2.3333333333333335,-7.533333333333333,-5.7555555555555555,-1.711111111111111,2.7111111111111112
2020-09-23 15:16:00,-1.511111111111111,4.911111111111111,5.711111111111111,1.9555555555555555,3.311111111111111,-6.377777777777778,3.4,-2.4444444444444446,-7.488888888888889,-5.7555555555555555,-1.6222222222222222,2.8666666666666667
2020-09-23 15:17:00,-1.5777777777777777,4.866666666666666,5.8,1.8888888888888888,3.2888888888888888,-6.466666666666667,3.422222222222222,-2.577777777777778,-7.488888888888889,-5.777777777777778,-1.5333333333333334,3.022222222222222
2020-09-23 15:18:00,-1.6666666666666667,4.844444444444444,5.911111111111111,1.8,3.2666666666666666,-6.533333333333333,3.466666666666667,-2.7111111111111112,-7.533333333333333,-5.777777777777778,-1.4666666666666666,3.1555555555555554
2020-09-23 15:19:00,-1.7555555555555555,4.822222222222222,6.044444444444444,1.6888888888888889,3.2444444444444445,-6.555555555555555,3.511111111111111,-2.8444444444444446,-7.533333333333333,-5.777777777777778,-1.4,3.311111111111111
2020-09-23 15:20:00,-1.8222222222222222,4.8,6.2,1.5777777777777777,3.1777777777777776,-6.622222222222222,3.5555555555555554,-2.9555555555555557,-7.533333333333333,-5.8,-1.3555555555555556,3.466666666666667
2020-09-23 15:21:00,-1.8888888888888888,4.822222222222222,6.311111111111111,1.4444444444444444,3.1555555555555554,-6.688888888888889,3.6222222222222222,-3.088888888888889,-7.533333333333333,-5.8,-1.3111111111111111,3.6666666666666665
2020-09-23 15:22:00,-2.0,4.822222222222222,6.444444444444445,1.3555555555555556,3.1555555555555554,-6.7555555555555555,3.7333333333333334,-3.2222222222222223,-7.533333333333333,-5.8,-1.3111111111111111,3.8444444444444446
2020-09-23 15:23:00,-2.111111111111111,4.844444444444444,6.622222222222222,1.2666666666666666,3.2,-6.866666666666666,3.8444444444444446,-3.3555555555555556,-7.511111111111111,-5.8,-1.3111111111111111,4.0
2020-09-23 15:24:00,-2.2444444444444445,4.866666666666666,6.8,1.2,3.2444444444444445,-6.955555555555556,3.977777777777778,-3.488888888888889,-7.466666666666667,-5.7555555555555555,-1.2666666666666666,4.155555555555556
2020-09-23 15:25:00,-2.3555555555555556,4.888888888888889,6.977777777777778,1.1333333333333333,3.311111111111111,-7.066666666666666,4.111111111111111,-3.577777777777778,-7.4222222222222225,-5.666666666666667,-1.2,4.355555555555555
2020-09-23 15:26:00,-2.488888888888889,4.933333333333334,7.111111111111111,1.0666666666666667,3.3777777777777778,-7.177777777777778,4.2444444444444445,-3.6666666666666665,-7.333333333333333,-5.5777777777777775,-1.1555555555555554,4.5777777777777775
2020-09-23 15:27:00,-2.6666666666666665,5.022222222222222,7.2444444444444445,0.9777777777777777,3.466666666666667,-7.266666666666667,4.4,-3.8,-7.222222222222222,-5.466666666666667,-1.0888888888888888,4.7555555555555555
2020-09-23 15:28:00,-2.888888888888889,5.088888888888889,7.355555555555555,0.9333333333333333,3.577777777777778,-7.333333333333333,4.6,-3.933333333333333,-7.111111111111111,-5.333333333333333,-1.0444444444444445,4.911111111111111
2020-09-23 15:29:00,-3.111111111111111,5.111111111111111,7.488888888888889,0.8888888888888888,3.6666666666666665,-7.377777777777778,4.8,-4.066666666666666,-7.022222222222222,-5.155555555555556,-1.0,5.088888888888889
2020-09-23 15:30:00,-3.2888888888888888,5.088888888888889,7.644444444444445,0.8666666666666667,3.7333333333333334,-7.4,4.977777777777778,-4.177777777777778,-6.911111111111111,-4.977777777777778,-0.9555555555555556,5.222222222222222
2020-09-23 15:31:00,-3.466666666666667,5.066666666666666,7.8,0.8888888888888888,3.8,-7.4222222222222225,5.133333333333334,-4.311111111111111,-6.8,-4.777777777777778,-0.9333333333333333,5.355555555555555
2020-09-23 15:32:00,-3.6444444444444444,5.044444444444444,7.955555555555556,0.9333333333333333,3.8444444444444446,-7.444444444444445,5.266666666666667,-4.4222222222222225,-6.644444444444445,-4.555555555555555,-0.9555555555555556,5.533333333333333
2020-09-23 15:33:00,-3.8,5.044444444444444,8.066666666666666,0.9777777777777777,3.8666666666666667,-7.466666666666667,5.4222222222222225,-4.555555555555555,-6.466666666666667,-4.333333333333333,-1.0,5.711111111111111
2020-09-23 15:34:00,-3.9555555555555557,5.044444444444444,8.177777777777777,0.9777777777777777,3.888888888888889,-7.444444444444445,5.5777777777777775,-4.666666666666667,-6.288888888888889,-4.133333333333334,-1.0222222222222221,5.866666666666666
2020-09-23 15:35:00,-4.111111111111111,5.044444444444444,8.266666666666667,1.0222222222222221,3.933333333333333,-7.377777777777778,5.733333333333333,-4.777777777777778,-6.111111111111111,-3.9555555555555557,-1.0666666666666667,6.022222222222222
2020-09-23 15:36:00,-4.222222222222222,5.088888888888889,8.355555555555556,1.0444444444444445,3.933333333333333,-7.288888888888889,5.888888888888889,-4.933333333333334,-5.888888888888889,-3.7555555555555555,-1.1333333333333333,6.155555555555556
2020-09-23 15:37:00,-4.311111111111111,5.177777777777778,8.444444444444445,1.1111111111111112,3.888888888888889,-7.2,6.0,-5.088888888888889,-5.644444444444445,-3.533333333333333,-1.1555555555555554,6.288888888888889
2020-09-23 15:38:00,-4.444444444444445,5.266666666666667,8.533333333333333,1.1555555555555554,3.8222222222222224,-7.133333333333334,6.088888888888889,-5.266666666666667,-5.4,-3.311111111111111,-1.2,6.4222222222222225
2020-09-23 15:39:00,-4.5777777777777775,5.333333333333333,8.622222222222222,1.1777777777777778,3.7555555555555555,-7.044444444444444,6.2,-5.444444444444445,-5.155555555555556,-3.111111111111111,-1.2,6.533333333333333
2020-09-23 15:40:00,-4.733333333333333,5.444444444444445,8.71111111111111,1.2,3.688888888888889,-6.955555555555556,6.311111111111111,-5.6,-4.866666666666666,-2.911111111111111,-1.2,6.666666666666667
2020-09-23 15:41:00,-4.844444444444444,5.5777777777777775,8.8,1.2444444444444445,3.577777777777778,-6.888888888888889,6.4,-5.733333333333333,-4.6,-2.7111111111111112,-1.1555555555555554,6.822222222222222
2020-09-23 15:42:00,-4.955555555555556,5.688888888888889,8.866666666666667,1.288888888888889,3.488888888888889,-6.844444444444444,6.466666666666667,-5.844444444444444,-4.311111111111111,-2.5555555555555554,-1.1333333333333333,7.022222222222222
2020-09-23 15:43:00,-5.066666666666666,5.8,8.933333333333334,1.3111111111111111,3.4444444444444446,-6.844444444444444,6.533333333333333,-5.955555555555556,-4.0,-2.4,-1.0666666666666667,7.222222222222222
2020-09-23 15:44:00,-5.177777777777778,5.911111111111111,8.977777777777778,1.3333333333333333,3.3555555555555556,-6.822222222222222,6.6,-6.066666666666666,-3.6666666666666665,-2.2666666666666666,-0.9777777777777777,7.466666666666667
2020-09-23 15:45:00,-5.266666666666667,6.022222222222222,9.044444444444444,1.3111111111111111,3.2444444444444445,-6.8,6.688888888888889,-6.177777777777778,-3.3333333333333335,-2.111111111111111,-0.8444444444444444,7.688888888888889
2020-09-23 15:46:00,-5.311111111111111,6.133333333333334,9.088888888888889,1.288888888888889,3.1555555555555554,-6.733333333333333,6.777777777777778,-6.311111111111111,-3.0,-1.9333333333333333,-0.6888888888888889,7.888888888888889
2020-09-23 15:47:00,-5.333333333333333,6.2444444444444445,9.133333333333333,1.2666666666666666,3.0444444444444443,-6.688888888888889,6.866666666666666,-6.444444444444445,-2.6666666666666665,-1.7555555555555555,-0.5777777777777777,8.088888888888889
2020-09-23 15:48:00,-5.355555555555555,6.377777777777778,9.2,1.2444444444444445,2.977777777777778,-6.644444444444445,7.0,-6.5777777777777775,-2.3555555555555556,-1.5777777777777777,-0.4888888888888889,8.28888888888889
2020-09-23 15:49:00,-5.4,6.511111111111111,9.266666666666667,1.2444444444444445,2.911111111111111,-6.5777777777777775,7.133333333333334,-6.733333333333333,-2.066666666666667,-1.4222222222222223,-0.4444444444444444,8.533333333333333
2020-09-23 15:50:00,-5.444444444444445,6.688888888888889,9.311111111111112,1.2444444444444445,2.888888888888889,-6.555555555555555,7.288888888888889,-6.933333333333334,-1.7777777777777777,-1.288888888888889,-0.4444444444444444,8.755555555555556
2020-09-23 15:51:00,-5.466666666666667,6.866666666666666,9.4,1.288888888888889,2.8666666666666667,-6.555555555555555,7.4,-7.111111111111111,-1.488888888888889,-1.1333333333333333,-0.4444444444444444,8.933333333333334
2020-09-23 15:52:00,-5.466666666666667,7.066666666666666,9.466666666666667,1.3555555555555556,2.8444444444444446,-6.555555555555555,7.555555555555555,-7.2444444444444445,-1.2222222222222223,-1.0,-0.4222222222222222,9.133333333333333
2020-09-23 15:53:00,-5.466666666666667,7.2444444444444445,9.488888888888889,1.3777777777777778,2.8222222222222224,-6.533333333333333,7.666666666666667,-7.377777777777778,-0.9333333333333333,-0.8222222222222222,-0.37777777777777777,9.311111111111112
2020-09-23 15:54:00,-5.488888888888889,7.377777777777778,9.533333333333333,1.4222222222222223,2.8,-6.488888888888889,7.777777777777778,-7.511111111111111,-0.6666666666666666,-0.6222222222222222,-0.3333333333333333,9.511111111111111
2020-09-23 15:55:00,-5.555555555555555,7.533333333333333,9.577777777777778,1.511111111111111,2.8,-6.466666666666667,7.888888888888889,-7.688888888888889,-0.37777777777777777,-0.4666666666666667,-0.3333333333333333,9.733333333333333
2020-09-23 15:56:00,-5.622222222222222,7.688888888888889,9.6,1.6,2.7777777777777777,-6.444444444444445,8.022222222222222,-7.888888888888889,-0.1111111111111111,-0.35555555555555557,-0.3111111111111111,9.977777777777778
2020-09-23 15:57:00,-5.733333333333333,7.822222222222222,9.666666666666666,1.711111111111111,2.7777777777777777,-6.4222222222222225,8.133333333333333,-8.066666666666666,0.17777777777777778,-0.2,-0.28888888888888886,10.2
2020-09-23 15:58:00,-5.866666666666666,8.0,9.777777777777779,1.8,2.7555555555555555,-6.377777777777778,8.244444444444444,-8.222222222222221,0.4666666666666667,-0.08888888888888889,-0.28888888888888886,10.422222222222222
2020-09-23 15:59:00,-5.977777777777778,8.155555555555555,9.866666666666667,1.8666666666666667,2.7111111111111112,-6.333333333333333,8.377777777777778,-8.422222222222222,0.7333333333333333,0.0,-0.24444444444444444,10.622222222222222
2020-09-23 16:00:00,-6.066666666666666,8.333333333333334,9.911111111111111,1.9333333333333333,2.6666666666666665,-6.288888888888889,8.533333333333333,-8.6,0.9777777777777777,0.08888888888888889,-0.24444444444444444,10.866666666666667
2020-09-23 16:01:00,-6.155555555555556,8.555555555555555,9.977777777777778,1.9777777777777779,2.6666666666666665,-6.222222222222222,8.733333333333333,-8.8,1.1777777777777778,0.2222222222222222,-0.28888888888888886,11.155555555555555
2020-09-23 16:02:00,-6.2444444444444445,8.755555555555556,10.066666666666666,2.0444444444444443,2.688888888888889,-6.111111111111111,8.977777777777778,-8.977777777777778,1.3777777777777778,0.4,-0.37777777777777777,11.466666666666667
2020-09-23 16:03:00,-6.311111111111111,8.933333333333334,10.11111111111111,2.111111111111111,2.6666666666666665,-6.0,9.2,-9.177777777777777,1.5777777777777777,0.5777777777777777,-0.4666666666666667,11.777777777777779
2020-09-23 16:04:00,-6.355555555555555,9.11111111111111,10.177777777777777,2.2,2.6666666666666665,-5.888888888888889,9.377777777777778,-9.4,1.7333333333333334,0.8,-0.5111111111111111,12.044444444444444
2020-09-23 16:05:00,-6.444444444444445,9.28888888888889,10.266666666666667,2.2666666666666666,2.6666666666666665,-5.777777777777778,9.533333333333333,-9.666666666666666,1.9333333333333333,1.0,-0.5333333333333333,12.266666666666667
2020-09-23 16:06:00,-6.533333333333333,9.422222222222222,10.4,2.3333333333333335,2.6666666666666665,-5.622222222222222,9.688888888888888,-9.911111111111111,2.1333333333333333,1.2222222222222223,-0.5777777777777777,12.444444444444445
2020-09-23 16:07:00,-6.622222222222222,9.533333333333333,10.488888888888889,2.3555555555555556,2.688888888888889,-5.444444444444445,9.822222222222223,-10.11111111111111,2.311111111111111,1.4222222222222223,-0.6,12.6
2020-09-23 16:08:00,-6.733333333333333,9.6,10.577777777777778,2.3777777777777778,2.688888888888889,-5.222222222222222,9.933333333333334,-10.311111111111112,2.466666666666667,1.6666666666666667,-0.6,12.733333333333333
2020-09-23 16:09:00,-6.8,9.666666666666666,10.644444444444444,2.4,2.6666666666666665,-5.0,10.044444444444444,-10.533333333333333,2.577777777777778,1.9111111111111112,-0.6222222222222222,12.866666666666667
2020-09-23 16:10:00,-6.844444444444444,9.71111111111111,10.733333333333333,2.4444444444444446,2.6,-4.733333333333333,10.155555555555555,-10.755555555555556,2.7333333333333334,2.111111111111111,-0.6888888888888889,13.0
2020-09-23 16:11:00,-6.866666666666666,9.777777777777779,10.844444444444445,2.511111111111111,2.533333333333333,-4.488888888888889,10.311111111111112,-10.955555555555556,2.8444444444444446,2.2666666666666666,-0.7333333333333333,13.11111111111111
2020-09-23 16:12:00,-6.866666666666666,9.8,10.933333333333334,2.6,2.466666666666667,-4.266666666666667,10.444444444444445,-11.133333333333333,2.911111111111111,2.4,-0.8,13.222222222222221
2020-09-23 16:13:00,-6.844444444444444,9.822222222222223,11.044444444444444,2.6666666666666665,2.4,-4.022222222222222,10.577777777777778,-11.333333333333334,3.022222222222222,2.533333333333333,-0.8888888888888888,13.311111111111112
2020-09-23 16:14:00,-6.8,9.88888888888889,11.155555555555555,2.688888888888889,2.3777777777777778,-3.8222222222222224,10.666666666666666,-11.533333333333333,3.111111111111111,2.6444444444444444,-1.0,13.377777777777778
2020-09-23 16:15:00,-6.8,9.955555555555556,11.222222222222221,2.688888888888889,2.3777777777777778,-3.6222222222222222,10.777777777777779,-11.71111111111111,3.1777777777777776,2.7555555555555555,-1.0888888888888888,13.444444444444445
2020-09-23 16:16:00,-6.7555555555555555,10.0,11.244444444444444,2.6666666666666665,2.3777777777777778,-3.3777777777777778,10.866666666666667,-11.88888888888889,3.2444444444444445,2.8444444444444446,-1.1555555555555554,13.488888888888889
2020-09-23 16:17:00,-6.733333333333333,10.0,11.28888888888889,2.6444444444444444,2.422222222222222,-3.1555555555555554,10.977777777777778,-12.066666666666666,3.2888888888888888,2.888888888888889,-1.2222222222222223,13.511111111111111
2020-09-23 16:18:00,-6.711111111111111,10.022222222222222,11.377777777777778,2.6444444444444444,2.488888888888889,-2.9555555555555557,11.066666666666666,-12.222222222222221,3.311111111111111,2.933333333333333,-1.2666666666666666,13.511111111111111
2020-09-23 16:19:00,-6.688888888888889,10.044444444444444,11.444444444444445,2.6666666666666665,2.533333333333333,-2.7555555555555555,11.155555555555555,-12.355555555555556,3.311111111111111,3.0,-1.3111111111111111,13.533333333333333
2020-09-23 16:20:00,-6.688888888888889,10.066666666666666,11.511111111111111,2.688888888888889,2.533333333333333,-2.5555555555555554,11.244444444444444,-12.488888888888889,3.2666666666666666,3.066666666666667,-1.3555555555555556,13.533333333333333
2020-09-23 16:21:00,-6.733333333333333,10.044444444444444,11.555555555555555,2.7333333333333334,2.5555555555555554,-2.3555555555555556,11.355555555555556,-12.6,3.2,3.088888888888889,-1.4,13.511111111111111
2020-09-23 16:22:00,-6.7555555555555555,9.977777777777778,11.6,2.7333333333333334,2.6,-2.1555555555555554,11.511111111111111,-12.688888888888888,3.1555555555555554,3.066666666666667,-1.488888888888889,13.466666666666667
2020-09-23 16:23:00,-6.7555555555555555,9.955555555555556,11.644444444444444,2.7333333333333334,2.6666666666666665,-1.9555555555555555,11.644444444444444,-12.733333333333333,3.088888888888889,3.022222222222222,-1.5555555555555556,13.4
2020-09-23 16:24:00,-6.777777777777778,9.933333333333334,11.644444444444444,2.7111111111111112,2.7555555555555555,-1.7777777777777777,11.777777777777779,-12.733333333333333,3.0444444444444443,2.977777777777778,-1.6666666666666667,13.311111111111112
2020-09-23 16:25:00,-6.777777777777778,9.911111111111111,11.644444444444444,2.688888888888889,2.8666666666666667,-1.6,11.911111111111111,-12.755555555555556,2.977777777777778,2.911111111111111,-1.8,13.222222222222221
2020-09-23 16:26:00,-6.8,9.844444444444445,11.688888888888888,2.6666666666666665,3.022222222222222,-1.4444444444444444,12.022222222222222,-12.777777777777779,2.911111111111111,2.8222222222222224,-1.9333333333333333,13.088888888888889
2020-09-23 16:27:00,-6.777777777777778,9.822222222222223,11.733333333333333,2.6666666666666665,3.1777777777777776,-1.2444444444444445,12.177777777777777,-12.8,2.8,2.7333333333333334,-2.0444444444444443,12.911111111111111
2020-09-23 16:28:00,-6.8,9.777777777777779,11.733333333333333,2.688888888888889,3.311111111111111,-1.0222222222222221,12.311111111111112,-12.8,2.688888888888889,2.6666666666666665,-2.1777777777777776,12.71111111111111
2020-09-23 16:29:00,-6.844444444444444,9.733333333333333,11.755555555555556,2.688888888888889,3.466666666666667,-0.7777777777777778,12.4,-12.822222222222223,2.5555555555555554,2.577777777777778,-2.3333333333333335,12.466666666666667
2020-09-23 16:30:00,-6.911111111111111,9.666666666666666,11.733333333333333,2.688888888888889,3.6444444444444444,-0.5333333333333333,12.488888888888889,-12.822222222222223,2.4,2.488888888888889,-2.533333333333333,12.222222222222221
2020-09-23 16:31:00,-7.022222222222222,9.644444444444444,11.733333333333333,2.688888888888889,3.8,-0.28888888888888886,12.6,-12.8,2.2222222222222223,2.422222222222222,-2.7333333333333334,12.0
2020-09-23 16:32:00,-7.177777777777778,9.6,11.733333333333333,2.688888888888889,3.9555555555555557,-0.022222222222222223,12.71111111111111,-12.755555555555556,2.022222222222222,2.3555555555555556,-2.911111111111111,11.733333333333333
2020-09-23 16:33:00,-7.311111111111111,9.533333333333333,11.688888888888888,2.7111111111111112,4.066666666666666,0.2222222222222222,12.8,-12.688888888888888,1.8222222222222222,2.2666666666666666,-3.088888888888889,11.488888888888889
2020-09-23 16:34:00,-7.466666666666667,9.444444444444445,11.666666666666666,2.7333333333333334,4.155555555555556,0.4666666666666667,12.844444444444445,-12.6,1.6444444444444444,2.2,-3.2222222222222223,11.2
2020-09-23 16:35:00,-7.644444444444445,9.355555555555556,11.688888888888888,2.7111111111111112,4.2,0.7111111111111111,12.88888888888889,-12.466666666666667,1.488888888888889,2.1333333333333333,-3.311111111111111,10.88888888888889
2020-09-23 16:36:00,-7.822222222222222,9.222222222222221,11.71111111111111,2.688888888888889,4.222222222222222,0.9777777777777777,12.977777777777778,-12.355555555555556,1.3555555555555556,2.0444444444444443,-3.4,10.577777777777778
2020-09-23 16:37:00,-8.0,9.11111111111111,11.755555555555556,2.6444444444444444,4.222222222222222,1.2222222222222223,13.044444444444444,-12.266666666666667,1.2222222222222223,1.9555555555555555,-3.511111111111111,10.222222222222221
2020-09-23 16:38:00,-8.177777777777777,8.977777777777778,11.822222222222223,2.6,4.2444444444444445,1.4666666666666666,13.133333333333333,-12.133333333333333,1.0888888888888888,1.8222222222222222,-3.6222222222222222,9.844444444444445
2020-09-23 16:39:00,-8.333333333333334,8.866666666666667,11.911111111111111,2.577777777777778,4.288888888888889,1.6666666666666667,13.2,-12.0,0.9333333333333333,1.6666666666666667,-3.7333333333333334,9.422222222222222
2020-09-23 16:40:00,-8.488888888888889,8.71111111111111,12.044444444444444,2.533333333333333,4.311111111111111,1.8444444444444446,13.244444444444444,-11.844444444444445,0.7777777777777778,1.5333333333333334,-3.8222222222222224,9.022222222222222
2020-09-23 16:41:00,-8.644444444444444,8.577777777777778,12.155555555555555,2.4444444444444446,4.311111111111111,2.0444444444444443,13.28888888888889,-11.688888888888888,0.6444444444444445,1.4222222222222223,-3.933333333333333,8.577777777777778
2020-09-23 16:42:00,-8.8,8.422222222222222,12.266666666666667,2.311111111111111,4.311111111111111,2.2222222222222223,13.333333333333334,-11.577777777777778,0.4888888888888889,1.288888888888889,-4.0,8.177777777777777
2020-09-23 16:43:00,-8.955555555555556,8.266666666666667,12.355555555555556,2.1777777777777776,4.333333333333333,2.422222222222222,13.355555555555556,-11.466666666666667,0.3333333333333333,1.1777777777777778,-4.044444444444444,7.777777777777778
2020-09-23 16:44:00,-9.11111111111111,8.155555555555555,12.422222222222222,2.088888888888889,4.377777777777778,2.6666666666666665,13.333333333333334,-11.311111111111112,0.17777777777777778,1.1111111111111112,-4.133333333333334,7.377777777777778
2020-09-23 16:45:00,-9.28888888888889,8.0,12.488888888888889,2.0,4.466666666666667,2.9555555555555557,13.311111111111112,-11.133333333333333,0.044444444444444446,1.0444444444444445,-4.222222222222222,6.933333333333334
2020-09-23 16:46:00,-9.488888888888889,7.822222222222222,12.533333333333333,1.9111111111111112,4.555555555555555,3.2,13.28888888888889,-10.911111111111111,-0.08888888888888889,0.9555555555555556,-4.311111111111111,6.444444444444445
2020-09-23 16:47:00,-9.733333333333333,7.644444444444445,12.533333333333333,1.8444444444444446,4.622222222222222,3.422222222222222,13.266666666666667,-10.733333333333333,-0.2222222222222222,0.8444444444444444,-4.4,5.911111111111111
2020-09-23 16:48:00,-9.955555555555556,7.466666666666667,12.533333333333333,1.8,4.688888888888889,3.6444444444444444,13.222222222222221,-10.511111111111111,-0.35555555555555557,0.7111111111111111,-4.466666666666667,5.4222222222222225
2020-09-23 16:49:00,-10.2,7.288888888888889,12.533333333333333,1.7333333333333334,4.733333333333333,3.8222222222222224,13.177777777777777,-10.266666666666667,-0.4666666666666667,0.5555555555555556,-4.5777777777777775,4.977777777777778
2020-09-23 16:50:00,-10.444444444444445,7.088888888888889,12.511111111111111,1.6666666666666667,4.822222222222222,4.044444444444444,13.177777777777777,-10.0,-0.5777777777777777,0.4222222222222222,-4.666666666666667,4.5777777777777775
2020-09-23 16:51:00,-10.688888888888888,6.888888888888889,12.466666666666667,1.5777777777777777,4.866666666666666,4.2444444444444445,13.155555555555555,-9.71111111111111,-0.7111111111111111,0.28888888888888886,-4.7555555555555555,4.2
2020-09-23 16:52:00,-10.911111111111111,6.711111111111111,12.422222222222222,1.488888888888889,4.888888888888889,4.4,13.155555555555555,-9.422222222222222,-0.8,0.15555555555555556,-4.844444444444444,3.8666666666666667
2020-09-23 16:53:00,-11.088888888888889,6.533333333333333,12.333333333333334,1.4,4.888888888888889,4.533333333333333,13.177777777777777,-9.133333333333333,-0.8666666666666667,0.022222222222222223,-4.977777777777778,3.577777777777778
2020-09-23 16:54:00,-11.28888888888889,6.4,12.266666666666667,1.3111111111111111,4.911111111111111,4.644444444444445,13.155555555555555,-8.822222222222223,-0.8888888888888888,-0.13333333333333333,-5.111111111111111,3.2444444444444445
2020-09-23 16:55:00,-11.533333333333333,6.266666666666667,12.155555555555555,1.2,4.955555555555556,4.733333333333333,13.133333333333333,-8.511111111111111,-0.9111111111111111,-0.28888888888888886,-5.222222222222222,2.8666666666666667
2020-09-23 16:56:00,-11.777777777777779,6.088888888888889,12.066666666666666,1.0888888888888888,5.0,4.844444444444444,13.11111111111111,-8.222222222222221,-0.9333333333333333,-0.4,-5.377777777777778,2.533333333333333
2020-09-23 16:57:00,-12.044444444444444,5.911111111111111,12.0,0.9777777777777777,5.066666666666666,5.0,13.11111111111111,-7.955555555555556,-0.9333333333333333,-0.5333333333333333,-5.533333333333333,2.2444444444444445
2020-09-23 16:58:00,-12.333333333333334,5.711111111111111,11.911111111111111,0.8666666666666667,5.111111111111111,5.111111111111111,13.088888888888889,-7.644444444444445,-0.9333333333333333,-0.6888888888888889,-5.644444444444445,1.9555555555555555
2020-09-23 16:59:00,-12.622222222222222,5.466666666666667,11.8,0.7555555555555555,5.155555555555556,5.222222222222222,13.11111111111111,-7.333333333333333,-0.8888888888888888,-0.8666666666666667,-5.733333333333333,1.6444444444444444
2020-09-23 17:00:00,-12.88888888888889,5.266666666666667,11.733333333333333,0.6444444444444445,5.2,5.311111111111111,13.11111111111111,-7.044444444444444,-0.8666666666666667,-1.0222222222222221,-5.822222222222222,1.3777777777777778
2020-09-23 17:01:00,-13.155555555555555,5.088888888888889,11.666666666666666,0.5555555555555556,5.222222222222222,5.355555555555555,13.155555555555555,-6.777777777777778,-0.8222222222222222,-1.1555555555555554,-5.888888888888889,1.1111111111111112
2020-09-23 17:02:00,-13.422222222222222,4.933333333333334,11.6,0.4222222222222222,5.222222222222222,5.4,13.155555555555555,-6.488888888888889,-0.7777777777777778,-1.2666666666666666,-5.955555555555556,0.8444444444444444
2020-09-23 17:03:00,-13.688888888888888,4.777777777777778,11.511111111111111,0.26666666666666666,5.2,5.466666666666667,13.2,-6.2,-0.6888888888888889,-1.4,-6.022222222222222,0.6
2020-09-23 17:04:00,-13.955555555555556,4.644444444444445,11.444444444444445,0.13333333333333333,5.155555555555556,5.533333333333333,13.222222222222221,-5.911111111111111,-0.5777777777777777,-1.5333333333333334,-6.133333333333334,0.3111111111111111
2020-09-23 17:05:00,-14.244444444444444,4.466666666666667,11.422222222222222,0.0,5.155555555555556,5.555555555555555,13.266666666666667,-5.622222222222222,-0.4222222222222222,-1.6888888888888889,-6.222222222222222,0.06666666666666667
2020-09-23 17:06:00,-14.511111111111111,4.288888888888889,11.4,-0.13333333333333333,5.177777777777778,5.6,13.311111111111112,-5.311111111111111,-0.26666666666666666,-1.8,-6.288888888888889,-0.13333333333333333
2020-09-23 17:07:00,-14.8,4.133333333333334,11.377777777777778,-0.24444444444444444,5.177777777777778,5.644444444444445,13.333333333333334,-5.0,-0.15555555555555556,-1.8888888888888888,-6.355555555555555,-0.28888888888888886
2020-09-23 17:08:00,-15.066666666666666,3.9555555555555557,11.4,-0.3333333333333333,5.155555555555556,5.666666666666667,13.377777777777778,-4.688888888888889,-0.022222222222222223,-1.9555555555555555,-6.466666666666667,-0.4222222222222222
2020-09-23 17:09:00,-15.311111111111112,3.8,11.444444444444445,-0.37777777777777777,5.155555555555556,5.711111111111111,13.422222222222222,-4.4222222222222225,0.08888888888888889,-1.9777777777777779,-6.555555555555555,-0.5555555555555556
2020-09-23 17:10:00,-15.555555555555555,3.6444444444444444,11.488888888888889,-0.4,5.177777777777778,5.711111111111111,13.488888888888889,-4.155555555555556,0.17777777777777778,-1.9777777777777779,-6.622222222222222,-0.6888888888888889
2020-09-23 17:11:00,-15.8,3.533333333333333,11.511111111111111,-0.4444444444444444,5.155555555555556,5.733333333333333,13.577777777777778,-3.888888888888889,0.24444444444444444,-1.9777777777777779,-6.688888888888889,-0.8222222222222222
2020-09-23 17:12:00,-16.044444444444444,3.422222222222222,11.511111111111111,-0.4888888888888889,5.133333333333334,5.733333333333333,13.644444444444444,-3.6666666666666665,0.35555555555555557,-1.9777777777777779,-6.733333333333333,-0.9111111111111111
2020-09-23 17:13:00,-16.244444444444444,3.3333333333333335,11.511111111111111,-0.5333333333333333,5.111111111111111,5.7555555555555555,13.688888888888888,-3.488888888888889,0.4444444444444444,-1.9555555555555555,-6.7555555555555555,-0.9777777777777777
2020-09-23 17:14:00,-16.42222222222222,3.2222222222222223,11.511111111111111,-0.5777777777777777,5.088888888888889,5.733333333333333,13.755555555555556,-3.3333333333333335,0.5111111111111111,-1.8888888888888888,-6.777777777777778,-1.0
2020-09-23 17:15:00,-16.57777777777778,3.088888888888889,11.511111111111111,-0.5777777777777777,5.066666666666666,5.688888888888889,13.8,-3.1555555555555554,0.5777777777777777,-1.8,-6.777777777777778,-0.9777777777777777
2020-09-23 17:16:00,-16.733333333333334,2.9555555555555557,11.511111111111111,-0.5333333333333333,5.022222222222222,5.6,13.822222222222223,-2.9555555555555557,0.6222222222222222,-1.711111111111111,-6.8,-0.9555555555555556
2020-09-23 17:17:00,-16.844444444444445,2.8444444444444446,11.488888888888889,-0.4444444444444444,4.977777777777778,5.533333333333333,13.844444444444445,-2.7555555555555555,0.6444444444444445,-1.6222222222222222,-6.844444444444444,-0.8888888888888888
2020-09-23 17:18:00,-16.977777777777778,2.7333333333333334,11.466666666666667,-0.4,4.955555555555556,5.466666666666667,13.866666666666667,-2.6,0.7111111111111111,-1.511111111111111,-6.888888888888889,-0.8222222222222222
2020-09-23 17:19:00,-17.066666666666666,2.6222222222222222,11.422222222222222,-0.35555555555555557,4.933333333333334,5.4,13.88888888888889,-2.488888888888889,0.7777777777777778,-1.4,-6.977777777777778,-0.7555555555555555
2020-09-23 17:20:00,-17.155555555555555,2.466666666666667,11.377777777777778,-0.26666666666666666,4.911111111111111,5.333333333333333,13.911111111111111,-2.4,0.8444444444444444,-1.288888888888889,-7.066666666666666,-0.6888888888888889
2020-09-23 17:21:00,-17.22222222222222,2.311111111111111,11.333333333333334,-0.2222222222222222,4.911111111111111,5.2444444444444445,13.88888888888889,-2.311111111111111,0.9111111111111111,-1.1777777777777778,-7.155555555555556,-0.6222222222222222
2020-09-23 17:22:00,-17.333333333333332,2.1333333333333333,11.244444444444444,-0.17777777777777778,4.911111111111111,5.177777777777778,13.88888888888889,-2.2444444444444445,0.9777777777777777,-1.0666666666666667,-7.266666666666667,-0.5555555555555556
2020-09-23 17:23:00,-17.42222222222222,1.9777777777777779,11.133333333333333,-0.1111111111111111,4.888888888888889,5.088888888888889,13.866666666666667,-2.1777777777777776,1.0222222222222221,-0.9333333333333333,-7.377777777777778,-0.4444444444444444
2020-09-23 17:24:00,-17.488888888888887,1.8,10.977777777777778,-0.06666666666666667,4.844444444444444,5.0,13.866666666666667,-2.111111111111111,1.0888888888888888,-0.7777777777777778,-7.511111111111111,-0.3333333333333333
2020-09-23 17:25:00,-17.511111111111113,1.6444444444444444,10.822222222222223,-0.044444444444444446,4.8,4.911111111111111,13.911111111111111,-2.022222222222222,1.1555555555555554,-0.6,-7.644444444444445,-0.26666666666666666
2020-09-23 17:26:00,-17.533333333333335,1.4666666666666666,10.688888888888888,0.0,4.777777777777778,4.822222222222222,13.933333333333334,-1.9555555555555555,1.2222222222222223,-0.4222222222222222,-7.7555555555555555,-0.15555555555555556
2020-09-23 17:27:00,-17.555555555555557,1.3111111111111111,10.555555555555555,0.044444444444444446,4.733333333333333,4.711111111111111,13.955555555555556,-1.8444444444444446,1.2666666666666666,-0.2222222222222222,-7.866666666666666,-0.08888888888888889
2020-09-23 17:28:00,-17.555555555555557,1.1111111111111112,10.422222222222222,0.08888888888888889,4.688888888888889,4.5777777777777775,13.977777777777778,-1.711111111111111,1.3111111111111111,-0.044444444444444446,-7.977777777777778,-0.022222222222222223
2020-09-23 17:29:00,-17.57777777777778,0.8666666666666667,10.333333333333334,0.1111111111111111,4.644444444444445,4.4,14.022222222222222,-1.6,1.3333333333333333,0.08888888888888889,-8.066666666666666,0.06666666666666667
2020-09-23 17:30:00,-17.6,0.6222222222222222,10.28888888888889,0.1111111111111111,4.5777777777777775,4.222222222222222,14.066666666666666,-1.5333333333333334,1.3111111111111111,0.2,-8.133333333333333,0.2
2020-09-23 17:31:00,-17.644444444444446,0.35555555555555557,10.266666666666667,0.1111111111111111,4.511111111111111,4.066666666666666,14.11111111111111,-1.511111111111111,1.3111111111111111,0.28888888888888886,-8.2,0.37777777777777777
2020-09-23 17:32:00,-17.68888888888889,0.13333333333333333,10.28888888888889,0.1111111111111111,4.444444444444445,3.911111111111111,14.155555555555555,-1.488888888888889,1.3111111111111111,0.37777777777777777,-8.244444444444444,0.5555555555555556
2020-09-23 17:33:00,-17.77777777777778,-0.044444444444444446,10.311111111111112,0.06666666666666667,4.377777777777778,3.7333333333333334,14.222222222222221,-1.4666666666666666,1.3111111111111111,0.4888888888888889,-8.311111111111112,0.6888888888888889
2020-09-23 17:34:00,-17.844444444444445,-0.24444444444444444,10.311111111111112,0.044444444444444446,4.311111111111111,3.5555555555555554,14.333333333333334,-1.488888888888889,1.288888888888889,0.6222222222222222,-8.333333333333334,0.7777777777777778
2020-09-23 17:35:00,-17.88888888888889,-0.4444444444444444,10.28888888888889,0.0,4.2,3.3333333333333335,14.4,-1.511111111111111,1.2222222222222223,0.7555555555555555,-8.377777777777778,0.8222222222222222
2020-09-23 17:36:00,-17.88888888888889,-0.6222222222222222,10.244444444444444,0.0,4.088888888888889,3.088888888888889,14.466666666666667,-1.5333333333333334,1.1555555555555554,0.8666666666666667,-8.4,0.8888888888888888
2020-09-23 17:37:00,-17.91111111111111,-0.7777777777777778,10.244444444444444,0.022222222222222223,4.0,2.8444444444444446,14.488888888888889,-1.6,1.0444444444444445,0.9555555555555556,-8.4,0.9333333333333333
2020-09-23 17:38:00,-17.955555555555556,-0.8888888888888888,10.266666666666667,0.044444444444444446,3.9555555555555557,2.577777777777778,14.466666666666667,-1.6222222222222222,0.9333333333333333,1.0222222222222221,-8.355555555555556,0.9777777777777777
2020-09-23 17:39:00,-17.977777777777778,-1.0444444444444445,10.28888888888889,0.044444444444444446,3.8666666666666667,2.3333333333333335,14.444444444444445,-1.6222222222222222,0.7777777777777778,1.0888888888888888,-8.311111111111112,1.0222222222222221
2020-09-23 17:40:00,-17.955555555555556,-1.1555555555555554,10.311111111111112,0.06666666666666667,3.7777777777777777,2.088888888888889,14.4,-1.6444444444444444,0.5777777777777777,1.1777777777777778,-8.244444444444444,1.1111111111111112
2020-09-23 17:41:00,-17.91111111111111,-1.2666666666666666,10.311111111111112,0.08888888888888889,3.6666666666666665,1.8,14.333333333333334,-1.6222222222222222,0.4222222222222222,1.2666666666666666,-8.177777777777777,1.1777777777777778
2020-09-23 17:42:00,-17.866666666666667,-1.3555555555555556,10.311111111111112,0.13333333333333333,3.533333333333333,1.4666666666666666,14.244444444444444,-1.6,0.26666666666666666,1.4,-8.088888888888889,1.2444444444444445
2020-09-23 17:43:00,-17.77777777777778,-1.4444444444444444,10.333333333333334,0.17777777777777778,3.4,1.1333333333333333,14.177777777777777,-1.6,0.06666666666666667,1.5333333333333334,-8.044444444444444,1.3555555555555556
2020-09-23 17:44:00,-17.733333333333334,-1.488888888888889,10.4,0.2222222222222222,3.2444444444444445,0.8222222222222222,14.066666666666666,-1.6,-0.17777777777777778,1.711111111111111,-8.044444444444444,1.488888888888889
2020-09-23 17:45:00,-17.711111111111112,-1.5555555555555556,10.422222222222222,0.26666666666666666,3.0444444444444443,0.4888888888888889,13.955555555555556,-1.6,-0.4,1.9111111111111112,-8.044444444444444,1.6222222222222222
2020-09-23 17:46:00,-17.733333333333334,-1.6666666666666667,10.444444444444445,0.26666666666666666,2.8222222222222224,0.2,13.8,-1.6,-0.6666666666666666,2.088888888888889,-8.088888888888889,1.7777777777777777
2020-09-23 17:47:00,-17.733333333333334,-1.7777777777777777,10.444444444444445,0.28888888888888886,2.577777777777778,-0.08888888888888889,13.644444444444444,-1.6,-0.9333333333333333,2.2888888888888888,-8.11111111111111,1.9333333333333333
2020-09-23 17:48:00,-17.77777777777778,-1.9111111111111112,10.422222222222222,0.35555555555555557,2.3333333333333335,-0.37777777777777777,13.488888888888889,-1.6,-1.2444444444444445,2.533333333333333,-8.155555555555555,2.0444444444444443
2020-09-23 17:49:00,-17.8,-2.022222222222222,10.377777777777778,0.37777777777777777,2.111111111111111,-0.7111111111111111,13.333333333333334,-1.6444444444444444,-1.5777777777777777,2.7333333333333334,-8.177777777777777,2.1777777777777776
2020-09-23 17:50:00,-17.77777777777778,-2.111111111111111,10.28888888888889,0.4,1.8444444444444446,-1.0,13.155555555555555,-1.711111111111111,-1.9333333333333333,2.933333333333333,-8.2,2.2888888888888888
2020-09-23 17:51:00,-17.755555555555556,-2.1555555555555554,10.177777777777777,0.4444444444444444,1.5333333333333334,-1.288888888888889,12.977777777777778,-1.8,-2.2888888888888888,3.088888888888889,-8.222222222222221,2.3777777777777778
2020-09-23 17:52:00,-17.733333333333334,-2.1777777777777776,10.044444444444444,0.4888888888888889,1.2222222222222223,-1.5777777777777777,12.8,-1.8666666666666667,-2.6444444444444444,3.2444444444444445,-8.222222222222221,2.466666666666667
2020-09-23 17:53:00,-17.733333333333334,-2.1777777777777776,9.866666666666667,0.4888888888888889,0.9333333333333333,-1.8222222222222222,12.6,-1.9777777777777779,-3.0,3.4,-8.222222222222221,2.511111111111111
2020-09-23 17:54:00,-17.755555555555556,-2.1777777777777776,9.71111111111111,0.4666666666666667,0.6444444444444445,-2.088888888888889,12.4,-2.066666666666667,-3.3555555555555556,3.5555555555555554,-8.244444444444444,2.5555555555555554
2020-09-23 17:55:00,-17.8,-2.2222222222222223,9.555555555555555,0.4222222222222222,0.3111111111111111,-2.3333333333333335,12.177777777777777,-2.1333333333333333,-3.7111111111111112,3.7111111111111112,-8.28888888888889,2.6
2020-09-23 17:56:00,-17.844444444444445,-2.2888888888888888,9.422222222222222,0.4222222222222222,0.022222222222222223,-2.577777777777778,11.977777777777778,-2.1777777777777776,-4.022222222222222,3.888888888888889,-8.355555555555556,2.688888888888889
2020-09-23 17:57:00,-17.933333333333334,-2.4,9.311111111111112,0.4,-0.26666666666666666,-2.8,11.755555555555556,-2.2222222222222223,-4.377777777777778,4.088888888888889,-8.422222222222222,2.7777777777777777
2020-09-23 17:58:00,-18.044444444444444,-2.5555555555555554,9.222222222222221,0.3333333333333333,-0.5777777777777777,-3.066666666666667,11.533333333333333,-2.2666666666666666,-4.7555555555555555,4.266666666666667,-8.488888888888889,2.8444444444444446
2020-09-23 17:59:00,-18.155555555555555,-2.688888888888889,9.088888888888889,0.3111111111111111,-0.8666666666666667,-3.2888888888888888,11.333333333333334,-2.2888888888888888,-5.111111111111111,4.4,-8.577777777777778,2.8666666666666667
2020-09-23 18:00:00,-18.288888888888888,-2.8,9.0,0.24444444444444444,-1.1555555555555554,-3.488888888888889,11.177777777777777,-2.3333333333333335,-5.466666666666667,4.533333333333333,-8.644444444444444,2.888888888888889
2020-09-23 18:01:00,-18.42222222222222,-2.911111111111111,8.911111111111111,0.17777777777777778,-1.4444444444444444,-3.688888888888889,11.022222222222222,-2.3777777777777778,-5.8,4.644444444444445,-8.666666666666666,2.911111111111111
2020-09-23 18:02:00,-18.6,-3.022222222222222,8.866666666666667,0.1111111111111111,-1.711111111111111,-3.888888888888889,10.844444444444445,-2.466666666666667,-6.088888888888889,4.711111111111111,-8.688888888888888,2.888888888888889
2020-09-23 18:03:00,-18.755555555555556,-3.088888888888889,8.822222222222223,0.06666666666666667,-1.9777777777777779,-4.066666666666666,10.688888888888888,-2.5555555555555554,-6.377777777777778,4.733333333333333,-8.71111111111111,2.888888888888889
2020-09-23 18:04:00,-18.91111111111111,-3.1555555555555554,8.8,0.022222222222222223,-2.2444444444444445,-4.2444444444444445,10.577777777777778,-2.6222222222222222,-6.666666666666667,4.733333333333333,-8.688888888888888,2.888888888888889
2020-09-23 18:05:00,-19.066666666666666,-3.2,8.777777777777779,-0.06666666666666667,-2.488888888888889,-4.377777777777778,10.466666666666667,-2.6666666666666665,-6.977777777777778,4.7555555555555555,-8.666666666666666,2.911111111111111
2020-09-23 18:06:00,-19.22222222222222,-3.2,8.755555555555556,-0.1111111111111111,-2.7111111111111112,-4.488888888888889,10.377777777777778,-2.688888888888889,-7.333333333333333,4.777777777777778,-8.666666666666666,2.933333333333333
2020-09-23 18:07:00,-19.333333333333332,-3.1777777777777776,8.733333333333333,-0.1111111111111111,-2.933333333333333,-4.6,10.28888888888889,-2.688888888888889,-7.688888888888889,4.777777777777778,-8.666666666666666,2.9555555555555557
2020-09-23 18:08:00,-19.42222222222222,-3.1777777777777776,8.71111111111111,-0.08888888888888889,-3.111111111111111,-4.711111111111111,10.222222222222221,-2.7111111111111112,-8.044444444444444,4.777777777777778,-8.688888888888888,2.933333333333333
2020-09-23 18:09:00,-19.555555555555557,-3.1333333333333333,8.71111111111111,-0.08888888888888889,-3.2666666666666666,-4.822222222222222,10.133333333333333,-2.7111111111111112,-8.377777777777778,4.777777777777778,-8.666666666666666,2.9555555555555557
2020-09-23 18:10:00,-19.711111111111112,-3.066666666666667,8.688888888888888,-0.08888888888888889,-3.422222222222222,-4.911111111111111,10.044444444444444,-2.7333333333333334,-8.733333333333333,4.7555555555555555,-8.644444444444444,3.022222222222222
2020-09-23 18:11:00,-19.822222222222223,-2.977777777777778,8.644444444444444,-0.1111111111111111,-3.577777777777778,-5.0,9.977777777777778,-2.7555555555555555,-9.133333333333333,4.7555555555555555,-8.644444444444444,3.088888888888889
2020-09-23 18:12:00,-19.933333333333334,-2.8666666666666667,8.6,-0.08888888888888889,-3.7333333333333334,-5.088888888888889,9.911111111111111,-2.8,-9.511111111111111,4.711111111111111,-8.666666666666666,3.1555555555555554
2020-09-23 18:13:00,-20.044444444444444,-2.7555555555555555,8.555555555555555,-0.044444444444444446,-3.888888888888889,-5.177777777777778,9.844444444444445,-2.8444444444444446,-9.866666666666667,4.711111111111111,-8.71111111111111,3.2222222222222223
2020-09-23 18:14:00,-20.11111111111111,-2.6222222222222222,8.466666666666667,0.022222222222222223,-4.066666666666666,-5.222222222222222,9.8,-2.888888888888889,-10.2,4.7555555555555555,-8.777777777777779,3.2888888888888888
2020-09-23 18:15:00,-20.133333333333333,-2.4444444444444446,8.377777777777778,0.08888888888888889,-4.2444444444444445,-5.288888888888889,9.733333333333333,-2.888888888888889,-10.488888888888889,4.8,-8.822222222222223,3.311111111111111
2020-09-23 18:16:00,-20.11111111111111,-2.2222222222222223,8.244444444444444,0.2,-4.4222222222222225,-5.355555555555555,9.644444444444444,-2.888888888888889,-10.777777777777779,4.844444444444444,-8.822222222222223,3.2888888888888888
2020-09-23 18:17:00,-20.066666666666666,-2.0,8.088888888888889,0.3111111111111111,-4.6,-5.4222222222222225,9.533333333333333,-2.8666666666666667,-11.022222222222222,4.888888888888889,-8.8,3.2666666666666666
2020-09-23 18:18:00,-20.0,-1.8,7.933333333333334,0.4222222222222222,-4.733333333333333,-5.511111111111111,9.444444444444445,-2.8666666666666667,-11.222222222222221,4.911111111111111,-8.8,3.2666666666666666
2020-09-23 18:19:00,-19.955555555555556,-1.5777777777777777,7.7555555555555555,0.4888888888888889,-4.888888888888889,-5.6,9.311111111111112,-2.8666666666666667,-11.422222222222222,4.888888888888889,-8.8,3.2666666666666666
2020-09-23 18:20:00,-19.933333333333334,-1.3333333333333333,7.5777777777777775,0.5777777777777777,-5.0,-5.688888888888889,9.2,-2.8444444444444446,-11.577777777777778,4.844444444444444,-8.8,3.311111111111111
2020-09-23 18:21:00,-19.955555555555556,-1.1111111111111112,7.4222222222222225,0.6666666666666666,-5.088888888888889,-5.733333333333333,9.088888888888889,-2.8444444444444446,-11.71111111111111,4.777777777777778,-8.8,3.311111111111111
2020-09-23 18:22:00,-19.977777777777778,-0.9111111111111111,7.222222222222222,0.7555555555555555,-5.222222222222222,-5.7555555555555555,9.022222222222222,-2.8,-11.844444444444445,4.711111111111111,-8.8,3.311111111111111
2020-09-23 18:23:00,-20.022222222222222,-0.7111111111111111,7.044444444444444,0.8222222222222222,-5.377777777777778,-5.7555555555555555,8.977777777777778,-2.7777777777777777,-12.022222222222222,4.666666666666667,-8.844444444444445,3.2666666666666666
2020-09-23 18:24:00,-20.08888888888889,-0.4888888888888889,6.844444444444444,0.8888888888888888,-5.488888888888889,-5.777777777777778,8.933333333333334,-2.7777777777777777,-12.155555555555555,4.622222222222222,-8.88888888888889,3.2666666666666666
2020-09-23 18:25:00,-20.2,-0.28888888888888886,6.644444444444445,0.9555555555555556,-5.5777777777777775,-5.822222222222222,8.88888888888889,-2.7555555555555555,-12.266666666666667,4.5777777777777775,-8.955555555555556,3.2666666666666666
2020-09-23 18:26:00,-20.355555555555554,-0.044444444444444446,6.4222222222222225,0.9777777777777777,-5.666666666666667,-5.822222222222222,8.866666666666667,-2.7777777777777777,-12.422222222222222,4.533333333333333,-9.0,3.2888888888888888
2020-09-23 18:27:00,-20.511111111111113,0.17777777777777778,6.155555555555556,0.9555555555555556,-5.733333333333333,-5.8,8.866666666666667,-2.7777777777777777,-12.555555555555555,4.488888888888889,-9.044444444444444,3.2888888888888888
2020-09-23 18:28:00,-20.666666666666668,0.4,5.911111111111111,0.9333333333333333,-5.822222222222222,-5.7555555555555555,8.822222222222223,-2.7555555555555555,-12.644444444444444,4.444444444444445,-9.044444444444444,3.2444444444444445
2020-09-23 18:29:00,-20.8,0.6222222222222222,5.644444444444445,0.9333333333333333,-5.933333333333334,-5.733333333333333,8.822222222222223,-2.7111111111111112,-12.733333333333333,4.355555555555555,-9.0,3.2
2020-09-23 18:30:00,-20.933333333333334,0.8666666666666667,5.4,0.9555555555555556,-6.0,-5.688888888888889,8.866666666666667,-2.6444444444444444,-12.8,4.222222222222222,-8.933333333333334,3.111111111111111
2020-09-23 18:31:00,-21.022222222222222,1.1555555555555554,5.177777777777778,0.9777777777777777,-6.044444444444444,-5.666666666666667,8.911111111111111,-2.533333333333333,-12.844444444444445,4.066666666666666,-8.866666666666667,2.977777777777778
2020-09-23 18:32:00,-21.133333333333333,1.4222222222222223,4.955555555555556,1.0,-6.088888888888889,-5.644444444444445,9.0,-2.466666666666667,-12.866666666666667,3.888888888888889,-8.777777777777779,2.8666666666666667
2020-09-23 18:33:00,-21.22222222222222,1.6888888888888889,4.7555555555555555,1.0222222222222221,-6.111111111111111,-5.666666666666667,9.088888888888889,-2.4,-12.844444444444445,3.7111111111111112,-8.688888888888888,2.8
2020-09-23 18:34:00,-21.333333333333332,1.9555555555555555,4.555555555555555,1.0888888888888888,-6.155555555555556,-5.666666666666667,9.222222222222221,-2.2888888888888888,-12.8,3.533333333333333,-8.577777777777778,2.7333333333333334
2020-09-23 18:35:00,-21.488888888888887,2.2444444444444445,4.377777777777778,1.1333333333333333,-6.2,-5.666666666666667,9.333333333333334,-2.1555555555555554,-12.755555555555556,3.3777777777777778,-8.466666666666667,2.6444444444444444
2020-09-23 18:36:00,-21.644444444444446,2.511111111111111,4.222222222222222,1.1777777777777778,-6.2444444444444445,-5.711111111111111,9.422222222222222,-2.0,-12.688888888888888,3.2666666666666666,-8.4,2.5555555555555554
2020-09-23 18:37:00,-21.77777777777778,2.7555555555555555,4.088888888888889,1.2444444444444445,-6.288888888888889,-5.733333333333333,9.488888888888889,-1.8666666666666667,-12.577777777777778,3.1777777777777776,-8.355555555555556,2.4444444444444446
2020-09-23 18:38:00,-21.88888888888889,2.977777777777778,3.977777777777778,1.3555555555555556,-6.333333333333333,-5.7555555555555555,9.6,-1.711111111111111,-12.488888888888889,3.088888888888889,-8.266666666666667,2.3777777777777778
2020-09-23 18:39:00,-22.0,3.1777777777777776,3.8444444444444446,1.4444444444444444,-6.377777777777778,-5.733333333333333,9.71111111111111,-1.5555555555555556,-12.422222222222222,2.977777777777778,-8.155555555555555,2.311111111111111
2020-09-23 18:40:00,-22.133333333333333,3.3777777777777778,3.7111111111111112,1.5777777777777777,-6.4,-5.688888888888889,9.8,-1.4,-12.355555555555556,2.8222222222222224,-8.0,2.2
2020-09-23 18:41:00,-22.244444444444444,3.6,3.533333333333333,1.711111111111111,-6.444444444444445,-5.644444444444445,9.88888888888889,-1.2666666666666666,-12.311111111111112,2.6444444444444444,-7.822222222222222,2.066666666666667
2020-09-23 18:42:00,-22.333333333333332,3.8444444444444446,3.3333333333333335,1.8222222222222222,-6.533333333333333,-5.6,10.022222222222222,-1.1111111111111112,-12.266666666666667,2.488888888888889,-7.688888888888889,1.9111111111111112
2020-09-23 18:43:00,-22.4,4.088888888888889,3.1555555555555554,1.9555555555555555,-6.6,-5.555555555555555,10.155555555555555,-0.9111111111111111,-12.2,2.311111111111111,-7.555555555555555,1.8
2020-09-23 18:44:00,-22.466666666666665,4.333333333333333,2.977777777777778,2.0444444444444443,-6.688888888888889,-5.511111111111111,10.28888888888889,-0.7111111111111111,-12.133333333333333,2.1555555555555554,-7.4,1.711111111111111
2020-09-23 18:45:00,-22.511111111111113,4.555555555555555,2.8,2.1777777777777776,-6.8,-5.511111111111111,10.422222222222222,-0.5111111111111111,-12.022222222222222,1.9555555555555555,-7.288888888888889,1.6
2020-09-23 18:46:00,-22.555555555555557,4.777777777777778,2.6,2.2666666666666666,-6.911111111111111,-5.511111111111111,10.555555555555555,-0.3333333333333333,-11.933333333333334,1.7333333333333334,-7.2,1.488888888888889
2020-09-23 18:47:00,-22.6,4.977777777777778,2.3555555555555556,2.3333333333333335,-7.044444444444444,-5.533333333333333,10.71111111111111,-0.1111111111111111,-11.88888888888889,1.5555555555555556,-7.111111111111111,1.4222222222222223
2020-09-23 18:48:00,-22.666666666666668,5.155555555555556,2.1333333333333333,2.422222222222222,-7.2,-5.533333333333333,10.866666666666667,0.13333333333333333,-11.88888888888889,1.3777777777777778,-7.0,1.3111111111111111
2020-09-23 18:49:00,-22.733333333333334,5.355555555555555,1.8888888888888888,2.511111111111111,-7.333333333333333,-5.5777777777777775,11.022222222222222,0.37777777777777777,-11.866666666666667,1.2222222222222223,-6.888888888888889,1.2
2020-09-23 18:50:00,-22.77777777777778,5.5777777777777775,1.6222222222222222,2.6222222222222222,-7.488888888888889,-5.666666666666667,11.155555555555555,0.6222222222222222,-11.822222222222223,1.0444444444444445,-6.822222222222222,1.1111111111111112
2020-09-23 18:51:00,-22.866666666666667,5.8,1.3333333333333333,2.688888888888889,-7.666666666666667,-5.8,11.311111111111112,0.8444444444444444,-11.777777777777779,0.9111111111111111,-6.711111111111111,1.0444444444444445
2020-09-23 18:52:00,-22.955555555555556,5.977777777777778,1.0444444444444445,2.7111111111111112,-7.844444444444444,-5.911111111111111,11.466666666666667,1.0666666666666667,-11.733333333333333,0.7777777777777778,-6.5777777777777775,0.9777777777777777
2020-09-23 18:53:00,-23.044444444444444,6.177777777777778,0.8,2.7111111111111112,-8.066666666666666,-6.022222222222222,11.6,1.288888888888889,-11.71111111111111,0.6666666666666666,-6.444444444444445,0.9333333333333333
2020-09-23 18:54:00,-23.08888888888889,6.355555555555555,0.5333333333333333,2.7111111111111112,-8.311111111111112,-6.111111111111111,11.755555555555556,1.511111111111111,-11.71111111111111,0.5555555555555556,-6.311111111111111,0.8666666666666667
2020-09-23 18:55:00,-23.11111111111111,6.511111111111111,0.28888888888888886,2.7333333333333334,-8.511111111111111,-6.222222222222222,11.866666666666667,1.7555555555555555,-11.71111111111111,0.4222222222222222,-6.155555555555556,0.7555555555555555
2020-09-23 18:56:00,-23.133333333333333,6.644444444444445,0.044444444444444446,2.8,-8.71111111111111,-6.355555555555555,11.933333333333334,2.022222222222222,-11.688888888888888,0.26666666666666666,-6.022222222222222,0.6222222222222222
2020-09-23 18:57:00,-23.155555555555555,6.733333333333333,-0.24444444444444444,2.8666666666666667,-8.88888888888889,-6.444444444444445,12.022222222222222,2.2666666666666666,-11.644444444444444,0.15555555555555556,-5.911111111111111,0.5333333333333333
2020-09-23 18:58:00,-23.2,6.822222222222222,-0.5111111111111111,2.9555555555555557,-9.088888888888889,-6.511111111111111,12.11111111111111,2.511111111111111,-11.622222222222222,0.0,-5.7555555555555555,0.4444444444444444
2020-09-23 18:59:00,-23.244444444444444,6.933333333333334,-0.7333333333333333,3.0444444444444443,-9.266666666666667,-6.6,12.177777777777777,2.7555555555555555,-11.622222222222222,-0.17777777777777778,-5.6,0.3111111111111111
2020-09-23 19:00:00,-23.31111111111111,7.044444444444444,-0.9555555555555556,3.1555555555555554,-9.422222222222222,-6.711111111111111,12.28888888888889,2.9555555555555557,-11.644444444444444,-0.3333333333333333,-5.466666666666667,0.2
2020-09-23 19:01:00,-23.42222222222222,7.155555555555556,-1.1777777777777778,3.2444444444444445,-9.577777777777778,-6.8,12.4,3.1777777777777776,-11.688888888888888,-0.4444444444444444,-5.355555555555555,0.13333333333333333
2020-09-23 19:02:00,-23.511111111111113,7.222222222222222,-1.3777777777777778,3.2888888888888888,-9.71111111111111,-6.911111111111111,12.488888888888889,3.3777777777777778,-11.777777777777779,-0.5333333333333333,-5.288888888888889,0.1111111111111111
2020-09-23 19:03:00,-23.6,7.311111111111111,-1.5333333333333334,3.3555555555555556,-9.88888888888889,-6.977777777777778,12.533333333333333,3.577777777777778,-11.88888888888889,-0.6,-5.222222222222222,0.1111111111111111
2020-09-23 19:04:00,-23.711111111111112,7.4222222222222225,-1.6888888888888889,3.466666666666667,-10.044444444444444,-7.022222222222222,12.6,3.8,-11.977777777777778,-0.6666666666666666,-5.155555555555556,0.13333333333333333
2020-09-23 19:05:00,-23.8,7.488888888888889,-1.8222222222222222,3.577777777777778,-10.244444444444444,-7.044444444444444,12.688888888888888,3.977777777777778,-12.088888888888889,-0.7333333333333333,-5.111111111111111,0.1111111111111111
2020-09-23 19:06:00,-23.866666666666667,7.6,-1.9777777777777779,3.6444444444444444,-10.466666666666667,-7.111111111111111,12.822222222222223,4.133333333333334,-12.2,-0.7555555555555555,-5.111111111111111,0.1111111111111111
2020-09-23 19:07:00,-23.933333333333334,7.733333333333333,-2.111111111111111,3.7111111111111112,-10.644444444444444,-7.177777777777778,12.933333333333334,4.288888888888889,-12.266666666666667,-0.7777777777777778,-5.155555555555556,0.13333333333333333
2020-09-23 19:08:00,-23.977777777777778,7.822222222222222,-2.2888888888888888,3.8,-10.8,-7.266666666666667,13.066666666666666,4.444444444444445,-12.28888888888889,-0.8222222222222222,-5.155555555555556,0.15555555555555556
2020-09-23 19:09:00,-24.0,7.911111111111111,-2.422222222222222,3.888888888888889,-10.977777777777778,-7.355555555555555,13.2,4.6,-12.355555555555556,-0.8666666666666667,-5.155555555555556,0.13333333333333333
2020-09-23 19:10:00,-24.022222222222222,8.0,-2.5555555555555554,3.9555555555555557,-11.2,-7.4222222222222225,13.333333333333334,4.711111111111111,-12.444444444444445,-0.9111111111111111,-5.177777777777778,0.1111111111111111
2020-09-23 19:11:00,-24.044444444444444,8.066666666666666,-2.688888888888889,4.044444444444444,-11.444444444444445,-7.488888888888889,13.422222222222222,4.866666666666666,-12.533333333333333,-0.9555555555555556,-5.2,0.044444444444444446
2020-09-23 19:12:00,-24.022222222222222,8.155555555555555,-2.7777777777777777,4.177777777777778,-11.71111111111111,-7.5777777777777775,13.511111111111111,5.022222222222222,-12.622222222222222,-1.0444444444444445,-5.266666666666667,-0.022222222222222223
2020-09-23 19:13:00,-24.044444444444444,8.28888888888889,-2.888888888888889,4.288888888888889,-11.977777777777778,-7.666666666666667,13.622222222222222,5.177777777777778,-12.733333333333333,-1.0888888888888888,-5.355555555555555,-0.044444444444444446
2020-09-23 19:14:00,-24.08888888888889,8.422222222222222,-3.022222222222222,4.4222222222222225,-12.2,-7.711111111111111,13.733333333333333,5.355555555555555,-12.8,-1.1333333333333333,-5.444444444444445,-0.08888888888888889
2020-09-23 19:15:00,-24.08888888888889,8.511111111111111,-3.1555555555555554,4.555555555555555,-12.466666666666667,-7.777777777777778,13.822222222222223,5.533333333333333,-12.866666666666667,-1.1777777777777778,-5.533333333333333,-0.08888888888888889
2020-09-23 19:16:00,-24.11111111111111,8.6,-3.311111111111111,4.733333333333333,-12.733333333333333,-7.822222222222222,13.911111111111111,5.666666666666667,-12.933333333333334,-1.1777777777777778,-5.6,-0.044444444444444446
2020-09-23 19:17:00,-24.155555555555555,8.733333333333333,-3.466666666666667,4.933333333333334,-12.955555555555556,-7.822222222222222,14.0,5.822222222222222,-13.022222222222222,-1.2,-5.666666666666667,0.0
2020-09-23 19:18:00,-24.2,8.844444444444445,-3.6,5.111111111111111,-13.2,-7.8,14.044444444444444,5.977777777777778,-13.11111111111111,-1.2666666666666666,-5.733333333333333,0.0
2020-09-23 19:19:00,-24.2,8.955555555555556,-3.7333333333333334,5.2444444444444445,-13.444444444444445,-7.8,14.044444444444444,6.088888888888889,-13.2,-1.288888888888889,-5.822222222222222,0.0
2020-09-23 19:20:00,-24.2,9.022222222222222,-3.888888888888889,5.355555555555555,-13.688888888888888,-7.822222222222222,14.088888888888889,6.177777777777778,-13.311111111111112,-1.3111111111111111,-5.933333333333334,0.044444444444444446
2020-09-23 19:21:00,-24.177777777777777,9.088888888888889,-4.066666666666666,5.466666666666667,-13.911111111111111,-7.822222222222222,14.11111111111111,6.2444444444444445,-13.444444444444445,-1.3777777777777778,-6.044444444444444,0.1111111111111111
2020-09-23 19:22:00,-24.155555555555555,9.177777777777777,-4.2444444444444445,5.5777777777777775,-14.11111111111111,-7.822222222222222,14.133333333333333,6.288888888888889,-13.622222222222222,-1.4444444444444444,-6.133333333333334,0.2
2020-09-23 19:23:00,-24.133333333333333,9.266666666666667,-4.444444444444445,5.688888888888889,-14.311111111111112,-7.822222222222222,14.133333333333333,6.355555555555555,-13.822222222222223,-1.5333333333333334,-6.222222222222222,0.26666666666666666
2020-09-23 19:24:00,-24.08888888888889,9.4,-4.622222222222222,5.844444444444444,-14.511111111111111,-7.822222222222222,14.155555555555555,6.444444444444445,-14.0,-1.6222222222222222,-6.333333333333333,0.3333333333333333
2020-09-23 19:25:00,-24.044444444444444,9.555555555555555,-4.7555555555555555,5.955555555555556,-14.733333333333333,-7.866666666666666,14.222222222222221,6.511111111111111,-14.133333333333333,-1.711111111111111,-6.488888888888889,0.4
2020-09-23 19:26:00,-24.0,9.71111111111111,-4.888888888888889,6.066666666666666,-14.977777777777778,-7.888888888888889,14.28888888888889,6.6,-14.244444444444444,-1.7777777777777777,-6.688888888888889,0.4666666666666667
2020-09-23 19:27:00,-23.933333333333334,9.866666666666667,-5.0,6.2,-15.2,-7.911111111111111,14.355555555555556,6.688888888888889,-14.333333333333334,-1.8666666666666667,-6.866666666666666,0.5555555555555556
2020-09-23 19:28:00,-23.88888888888889,10.022222222222222,-5.155555555555556,6.355555555555555,-15.4,-7.888888888888889,14.466666666666667,6.777777777777778,-14.444444444444445,-1.9555555555555555,-7.066666666666666,0.6
2020-09-23 19:29:00,-23.844444444444445,10.177777777777777,-5.288888888888889,6.555555555555555,-15.577777777777778,-7.888888888888889,14.555555555555555,6.844444444444444,-14.533333333333333,-2.022222222222222,-7.266666666666667,0.6666666666666666
2020-09-23 19:30:00,-23.822222222222223,10.333333333333334,-5.466666666666667,6.733333333333333,-15.71111111111111,-7.866666666666666,14.622222222222222,6.933333333333334,-14.644444444444444,-2.088888888888889,-7.466666666666667,0.7333333333333333
2020-09-23 19:31:00,-23.77777777777778,10.444444444444445,-5.622222222222222,6.911111111111111,-15.8,-7.844444444444444,14.666666666666666,7.022222222222222,-14.755555555555556,-2.111111111111111,-7.666666666666667,0.8
2020-09-23 19:32:00,-23.68888888888889,10.577777777777778,-5.7555555555555555,7.111111111111111,-15.844444444444445,-7.8,14.688888888888888,7.111111111111111,-14.822222222222223,-2.1555555555555554,-7.844444444444444,0.8444444444444444
2020-09-23 19:33:00,-23.622222222222224,10.71111111111111,-5.911111111111111,7.288888888888889,-15.866666666666667,-7.8,14.666666666666666,7.222222222222222,-14.88888888888889,-2.2,-8.0,0.9333333333333333
2020-09-23 19:34:00,-23.57777777777778,10.844444444444445,-6.088888888888889,7.444444444444445,-15.866666666666667,-7.8,14.644444444444444,7.355555555555555,-14.955555555555556,-2.2444444444444445,-8.177777777777777,1.0222222222222221
2020-09-23 19:35:00,-23.533333333333335,10.977777777777778,-6.266666666666667,7.622222222222222,-15.844444444444445,-7.8,14.666666666666666,7.444444444444445,-15.044444444444444,-2.2888888888888888,-8.333333333333334,1.0666666666666667
2020-09-23 19:36:00,-23.444444444444443,11.11111111111111,-6.466666666666667,7.844444444444444,-15.822222222222223,-7.8,14.688888888888888,7.5777777777777775,-15.11111111111111,-2.3333333333333335,-8.511111111111111,1.1333333333333333
2020-09-23 19:37:00,-23.355555555555554,11.266666666666667,-6.666666666666667,8.11111111111111,-15.822222222222223,-7.822222222222222,14.688888888888888,7.711111111111111,-15.133333333333333,-2.3777777777777778,-8.666666666666666,1.2222222222222223
2020-09-23 19:38:00,-23.31111111111111,11.422222222222222,-6.911111111111111,8.355555555555556,-15.8,-7.8,14.71111111111111,7.844444444444444,-15.155555555555555,-2.4444444444444446,-8.822222222222223,1.288888888888889
2020-09-23 19:39:00,-23.266666666666666,11.6,-7.133333333333334,8.644444444444444,-15.733333333333333,-7.777777777777778,14.733333333333333,7.977777777777778,-15.2,-2.533333333333333,-9.0,1.3777777777777778
2020-09-23 19:40:00,-23.244444444444444,11.777777777777779,-7.377777777777778,8.933333333333334,-15.688888888888888,-7.711111111111111,14.755555555555556,8.088888888888889,-15.222222222222221,-2.6,-9.222222222222221,1.4666666666666666
2020-09-23 19:41:00,-23.22222222222222,11.933333333333334,-7.622222222222222,9.2,-15.622222222222222,-7.622222222222222,14.822222222222223,8.177777777777777,-15.222222222222221,-2.6444444444444444,-9.422222222222222,1.5555555555555556
2020-09-23 19:42:00,-23.2,12.11111111111111,-7.822222222222222,9.444444444444445,-15.577777777777778,-7.533333333333333,14.911111111111111,8.311111111111112,-15.222222222222221,-2.688888888888889,-9.6,1.6444444444444444
2020-09-23 19:43:00,-23.177777777777777,12.333333333333334,-8.022222222222222,9.644444444444444,-15.511111111111111,-7.466666666666667,15.0,8.444444444444445,-15.222222222222221,-2.688888888888889,-9.8,1.7555555555555555
2020-09-23 19:44:00,-23.2,12.533333333333333,-8.222222222222221,9.844444444444445,-15.444444444444445,-7.4,15.088888888888889,8.577777777777778,-15.2,-2.688888888888889,-9.977777777777778,1.8666666666666667
2020-09-23 19:45:00,-23.244444444444444,12.688888888888888,-8.466666666666667,10.044444444444444,-15.377777777777778,-7.333333333333333,15.155555555555555,8.733333333333333,-15.2,-2.7333333333333334,-10.177777777777777,1.9555555555555555
2020-09-23 19:46:00,-23.244444444444444,12.8,-8.71111111111111,10.244444444444444,-15.333333333333334,-7.311111111111111,15.244444444444444,8.88888888888889,-15.155555555555555,-2.8,-10.355555555555556,2.022222222222222
2020-09-23 19:47:00,-23.288888888888888,12.955555555555556,-9.0,10.488888888888889,-15.311111111111112,-7.266666666666667,15.333333333333334,9.088888888888889,-15.088888888888889,-2.911111111111111,-10.488888888888889,2.088888888888889
2020-09-23 19:48:00,-23.333333333333332,13.11111111111111,-9.311111111111112,10.733333333333333,-15.266666666666667,-7.266666666666667,15.422222222222222,9.266666666666667,-15.022222222222222,-3.066666666666667,-10.622222222222222,2.1333333333333333
2020-09-23 19:49:00,-23.377777777777776,13.266666666666667,-9.577777777777778,10.955555555555556,-15.244444444444444,-7.266666666666667,15.488888888888889,9.422222222222222,-14.977777777777778,-3.2222222222222223,-10.8,2.2
2020-09-23 19:50:00,-23.42222222222222,13.466666666666667,-9.844444444444445,11.155555555555555,-15.222222222222221,-7.2444444444444445,15.533333333333333,9.6,-14.911111111111111,-3.3555555555555556,-10.933333333333334,2.2888888888888888
2020-09-23 19:51:00,-23.466666666666665,13.644444444444444,-10.088888888888889,11.4,-15.2,-7.177777777777778,15.555555555555555,9.8,-14.844444444444445,-3.511111111111111,-11.044444444444444,2.4
2020-09-23 19:52:00,-23.466666666666665,13.777777777777779,-10.333333333333334,11.644444444444444,-15.222222222222221,-7.088888888888889,15.555555555555555,9.955555555555556,-14.777777777777779,-3.6222222222222222,-11.11111111111111,2.511111111111111
2020-09-23 19:53:00,-23.488888888888887,13.933333333333334,-10.555555555555555,11.88888888888889,-15.28888888888889,-7.0,15.511111111111111,10.133333333333333,-14.733333333333333,-3.7555555555555555,-11.2,2.6444444444444444
2020-09-23 19:54:00,-23.533333333333335,14.11111111111111,-10.8,12.133333333333333,-15.377777777777778,-6.911111111111111,15.466666666666667,10.28888888888889,-14.644444444444444,-3.888888888888889,-11.266666666666667,2.7777777777777777
2020-09-23 19:55:00,-23.57777777777778,14.266666666666667,-11.0,12.422222222222222,-15.444444444444445,-6.822222222222222,15.422222222222222,10.488888888888889,-14.533333333333333,-4.044444444444444,-11.333333333333334,2.911111111111111
2020-09-23 19:56:00,-23.6,14.444444444444445,-11.155555555555555,12.733333333333333,-15.511111111111111,-6.777777777777778,15.422222222222222,10.688888888888888,-14.4,-4.2444444444444445,-11.377777777777778,3.066666666666667
2020-09-23 19:57:00,-23.644444444444446,14.644444444444444,-11.355555555555556,13.044444444444444,-15.6,-6.733333333333333,15.422222222222222,10.866666666666667,-14.28888888888889,-4.4222222222222225,-11.4,3.2222222222222223
2020-09-23 19:58:00,-23.68888888888889,14.844444444444445,-11.577777777777778,13.4,-15.666666666666666,-6.666666666666667,15.4,11.022222222222222,-14.177777777777777,-4.622222222222222,-11.422222222222222,3.3555555555555556
2020-09-23 19:59:00,-23.68888888888889,15.044444444444444,-11.755555555555556,13.71111111111111,-15.777777777777779,-6.6,15.355555555555556,11.133333333333333,-14.088888888888889,-4.822222222222222,-11.444444444444445,3.511111111111111
2020-09-23 20:00:00,-23.68888888888889,15.266666666666667,-11.911111111111111,14.022222222222222,-15.844444444444445,-6.488888888888889,15.333333333333334,11.222222222222221,-14.022222222222222,-4.977777777777778,-11.511111111111111,3.6444444444444444
2020-09-23 20:01:00,-23.666666666666668,15.488888888888889,-12.022222222222222,14.28888888888889,-15.88888888888889,-6.377777777777778,15.311111111111112,11.311111111111112,-13.933333333333334,-5.155555555555556,-11.6,3.7333333333333334
2020-09-23 20:02:00,-23.6,15.666666666666666,-12.155555555555555,14.533333333333333,-15.933333333333334,-6.311111111111111,15.244444444444444,11.377777777777778,-13.866666666666667,-5.333333333333333,-11.71111111111111,3.8
2020-09-23 20:03:00,-23.511111111111113,15.88888888888889,-12.311111111111112,14.755555555555556,-15.933333333333334,-6.2444444444444445,15.222222222222221,11.444444444444445,-13.844444444444445,-5.488888888888889,-11.8,3.888888888888889
2020-09-23 20:04:00,-23.466666666666665,16.066666666666666,-12.466666666666667,15.022222222222222,-15.911111111111111,-6.177777777777778,15.2,11.511111111111111,-13.866666666666667,-5.688888888888889,-11.866666666666667,4.0
2020-09-23 20:05:00,-23.4,16.244444444444444,-12.577777777777778,15.311111111111112,-15.844444444444445,-6.088888888888889,15.133333333333333,11.577777777777778,-13.866666666666667,-5.888888888888889,-11.911111111111111,4.088888888888889
2020-09-23 20:06:00,-23.377777777777776,16.4,-12.688888888888888,15.6,-15.755555555555556,-5.977777777777778,15.066666666666666,11.644444444444444,-13.866666666666667,-6.044444444444444,-11.933333333333334,4.177777777777778
2020-09-23 20:07:00,-23.4,16.511111111111113,-12.777777777777779,15.844444444444445,-15.688888888888888,-5.866666666666666,15.0,11.733333333333333,-13.844444444444445,-6.2,-11.955555555555556,4.266666666666667
2020-09-23 20:08:00,-23.444444444444443,16.622222222222224,-12.822222222222223,16.066666666666666,-15.644444444444444,-5.777777777777778,14.933333333333334,11.8,-13.8,-6.333333333333333,-11.977777777777778,4.355555555555555
2020-09-23 20:09:00,-23.511111111111113,16.711111111111112,-12.911111111111111,16.288888888888888,-15.644444444444444,-5.733333333333333,14.822222222222223,11.866666666666667,-13.777777777777779,-6.488888888888889,-11.955555555555556,4.488888888888889
2020-09-23 20:10:00,-23.533333333333335,16.77777777777778,-13.022222222222222,16.555555555555557,-15.622222222222222,-5.666666666666667,14.666666666666666,11.933333333333334,-13.777777777777779,-6.6,-11.911111111111111,4.644444444444445
2020-09-23 20:11:00,-23.57777777777778,16.844444444444445,-13.11111111111111,16.822222222222223,-15.6,-5.622222222222222,14.488888888888889,11.955555555555556,-13.777777777777779,-6.711111111111111,-11.822222222222223,4.822222222222222
2020-09-23 20:12:00,-23.644444444444446,16.91111111111111,-13.222222222222221,17.11111111111111,-15.555555555555555,-5.5777777777777775,14.28888888888889,11.955555555555556,-13.8,-6.844444444444444,-11.733333333333333,5.0
2020-09-23 20:13:00,-23.68888888888889,16.977777777777778,-13.28888888888889,17.355555555555554,-15.555555555555555,-5.555555555555555,14.044444444444444,11.955555555555556,-13.822222222222223,-6.955555555555556,-11.622222222222222,5.222222222222222
2020-09-23 20:14:00,-23.733333333333334,17.022222222222222,-13.355555555555556,17.6,-15.555555555555555,-5.511111111111111,13.777777777777779,11.977777777777778,-13.88888888888889,-7.088888888888889,-11.533333333333333,5.4222222222222225
2020-09-23 20:15:00,-23.755555555555556,17.066666666666666,-13.4,17.866666666666667,-15.555555555555555,-5.466666666666667,13.511111111111111,11.977777777777778,-13.933333333333334,-7.2,-11.444444444444445,5.622222222222222
2020-09-23 20:16:00,-23.77777777777778,17.11111111111111,-13.422222222222222,18.177777777777777,-15.6,-5.4,13.28888888888889,12.0,-13.977777777777778,-7.355555555555555,-11.377777777777778,5.8
2020-09-23 20:17:00,-23.844444444444445,17.133333333333333,-13.422222222222222,18.466666666666665,-15.688888888888888,-5.355555555555555,13.088888888888889,12.0,-14.022222222222222,-7.511111111111111,-11.311111111111112,6.0
2020-09-23 20:18:00,-23.91111111111111,17.133333333333333,-13.422222222222222,18.77777777777778,-15.8,-5.288888888888889,12.911111111111111,11.955555555555556,-14.066666666666666,-7.644444444444445,-11.266666666666667,6.155555555555556
2020-09-23 20:19:00,-23.977777777777778,17.11111111111111,-13.377777777777778,19.11111111111111,-15.911111111111111,-5.222222222222222,12.733333333333333,11.911111111111111,-14.11111111111111,-7.822222222222222,-11.2,6.333333333333333
2020-09-23 20:20:00,-24.022222222222222,17.066666666666666,-13.311111111111112,19.444444444444443,-16.0,-5.133333333333334,12.555555555555555,11.88888888888889,-14.155555555555555,-8.0,-11.11111111111111,6.511111111111111
2020-09-23 20:21:00,-24.066666666666666,16.977777777777778,-13.2,19.733333333333334,-16.066666666666666,-5.022222222222222,12.333333333333334,11.866666666666667,-14.222222222222221,-8.177777777777777,-11.022222222222222,6.666666666666667
2020-09-23 20:22:00,-24.155555555555555,16.88888888888889,-13.088888888888889,20.0,-16.133333333333333,-4.933333333333334,12.11111111111111,11.822222222222223,-14.28888888888889,-8.355555555555556,-10.933333333333334,6.8
2020-09-23 20:23:00,-24.22222222222222,16.822222222222223,-12.955555555555556,20.288888888888888,-16.22222222222222,-4.888888888888889,11.911111111111111,11.755555555555556,-14.333333333333334,-8.533333333333333,-10.822222222222223,6.955555555555556
2020-09-23 20:24:00,-24.31111111111111,16.733333333333334,-12.844444444444445,20.533333333333335,-16.355555555555554,-4.822222222222222,11.71111111111111,11.71111111111111,-14.377777777777778,-8.688888888888888,-10.688888888888888,7.088888888888889
2020-09-23 20:25:00,-24.42222222222222,16.666666666666668,-12.755555555555556,20.77777777777778,-16.466666666666665,-4.777777777777778,11.511111111111111,11.666666666666666,-14.444444444444445,-8.866666666666667,-10.555555555555555,7.266666666666667
2020-09-23 20:26:00,-24.57777777777778,16.644444444444446,-12.644444444444444,21.0,-16.6,-4.711111111111111,11.311111111111112,11.644444444444444,-14.533333333333333,-9.066666666666666,-10.4,7.444444444444445
2020-09-23 20:27:00,-24.68888888888889,16.644444444444446,-12.555555555555555,21.22222222222222,-16.68888888888889,-4.688888888888889,11.11111111111111,11.6,-14.644444444444444,-9.266666666666667,-10.222222222222221,7.5777777777777775
2020-09-23 20:28:00,-24.77777777777778,16.6,-12.511111111111111,21.444444444444443,-16.8,-4.644444444444445,10.933333333333334,11.555555555555555,-14.733333333333333,-9.466666666666667,-10.066666666666666,7.711111111111111
2020-09-23 20:29:00,-24.822222222222223,16.533333333333335,-12.511111111111111,21.644444444444446,-16.88888888888889,-4.5777777777777775,10.777777777777779,11.511111111111111,-14.844444444444445,-9.644444444444444,-9.911111111111111,7.888888888888889
2020-09-23 20:30:00,-24.866666666666667,16.511111111111113,-12.466666666666667,21.8,-16.977777777777778,-4.488888888888889,10.622222222222222,11.444444444444445,-14.955555555555556,-9.822222222222223,-9.755555555555556,8.088888888888889
2020-09-23 20:31:00,-24.955555555555556,16.488888888888887,-12.377777777777778,21.933333333333334,-17.066666666666666,-4.355555555555555,10.466666666666667,11.377777777777778,-15.066666666666666,-10.022222222222222,-9.644444444444444,8.28888888888889
2020-09-23 20:32:00,-25.022222222222222,16.444444444444443,-12.266666666666667,22.066666666666666,-17.155555555555555,-4.222222222222222,10.333333333333334,11.311111111111112,-15.155555555555555,-10.222222222222221,-9.555555555555555,8.488888888888889
2020-09-23 20:33:00,-25.08888888888889,16.355555555555554,-12.155555555555555,22.22222222222222,-17.266666666666666,-4.088888888888889,10.222222222222221,11.266666666666667,-15.266666666666667,-10.377777777777778,-9.466666666666667,8.71111111111111
2020-09-23 20:34:00,-25.133333333333333,16.22222222222222,-12.088888888888889,22.377777777777776,-17.355555555555554,-3.933333333333333,10.133333333333333,11.222222222222221,-15.377777777777778,-10.533333333333333,-9.333333333333334,8.88888888888889
2020-09-23 20:35:00,-25.155555555555555,16.066666666666666,-12.044444444444444,22.555555555555557,-17.42222222222222,-3.7777777777777777,10.066666666666666,11.177777777777777,-15.533333333333333,-10.688888888888888,-9.2,9.088888888888889
2020-09-23 20:36:00,-25.177777777777777,15.88888888888889,-12.0,22.68888888888889,-17.444444444444443,-3.6666666666666665,10.022222222222222,11.11111111111111,-15.71111111111111,-10.822222222222223,-9.044444444444444,9.244444444444444
2020-09-23 20:37:00,-25.2,15.71111111111111,-11.977777777777778,22.844444444444445,-17.444444444444443,-3.577777777777778,10.022222222222222,11.044444444444444,-15.88888888888889,-10.955555555555556,-8.933333333333334,9.377777777777778
2020-09-23 20:38:00,-25.2,15.555555555555555,-11.933333333333334,22.955555555555556,-17.42222222222222,-3.4444444444444446,10.066666666666666,10.977777777777778,-16.08888888888889,-11.044444444444444,-8.822222222222223,9.533333333333333
2020-09-23 20:39:00,-25.22222222222222,15.355555555555556,-11.88888888888889,23.08888888888889,-17.4,-3.311111111111111,10.155555555555555,10.955555555555556,-16.31111111111111,-11.155555555555555,-8.71111111111111,9.733333333333333
2020-09-23 20:40:00,-25.22222222222222,15.177777777777777,-11.88888888888889,23.2,-17.355555555555554,-3.2,10.266666666666667,10.88888888888889,-16.511111111111113,-11.222222222222221,-8.577777777777778,9.88888888888889
2020-09-23 20:41:00,-25.244444444444444,14.977777777777778,-11.911111111111111,23.31111111111111,-17.288888888888888,-3.066666666666667,10.377777777777778,10.777777777777779,-16.733333333333334,-11.244444444444444,-8.444444444444445,10.022222222222222
2020-09-23 20:42:00,-25.266666666666666,14.733333333333333,-11.911111111111111,23.4,-17.2,-2.888888888888889,10.511111111111111,10.666666666666666,-16.977777777777778,-11.266666666666667,-8.311111111111112,10.155555555555555
2020-09-23 20:43:00,-25.288888888888888,14.466666666666667,-11.866666666666667,23.466666666666665,-17.11111111111111,-2.7111111111111112,10.666666666666666,10.533333333333333,-17.22222222222222,-11.28888888888889,-8.177777777777777,10.28888888888889
2020-09-23 20:44:00,-25.31111111111111,14.2,-11.866666666666667,23.555555555555557,-17.0,-2.5555555555555554,10.844444444444445,10.444444444444445,-17.444444444444443,-11.28888888888889,-8.044444444444444,10.422222222222222
2020-09-23 20:45:00,-25.377777777777776,13.911111111111111,-11.911111111111111,23.6,-16.91111111111111,-2.422222222222222,11.0,10.377777777777778,-17.666666666666668,-11.333333333333334,-7.888888888888889,10.577777777777778
2020-09-23 20:46:00,-25.444444444444443,13.622222222222222,-12.0,23.644444444444446,-16.866666666666667,-2.311111111111111,11.2,10.355555555555556,-17.91111111111111,-11.355555555555556,-7.688888888888889,10.733333333333333
2020-09-23 20:47:00,-25.511111111111113,13.333333333333334,-12.066666666666666,23.666666666666668,-16.822222222222223,-2.1555555555555554,11.4,10.333333333333334,-18.155555555555555,-11.333333333333334,-7.466666666666667,10.88888888888889
2020-09-23 20:48:00,-25.622222222222224,13.044444444444444,-12.11111111111111,23.68888888888889,-16.77777777777778,-1.9777777777777779,11.577777777777778,10.311111111111112,-18.4,-11.311111111111112,-7.222222222222222,11.044444444444444
2020-09-23 20:49:00,-25.68888888888889,12.8,-12.177777777777777,23.68888888888889,-16.755555555555556,-1.8,11.777777777777779,10.311111111111112,-18.6,-11.28888888888889,-7.0,11.177777777777777
2020-09-23 20:50:00,-25.755555555555556,12.577777777777778,-12.28888888888889,23.666666666666668,-16.733333333333334,-1.6666666666666667,11.977777777777778,10.28888888888889,-18.77777777777778,-11.244444444444444,-6.7555555555555555,11.333333333333334
2020-09-23 20:51:00,-25.77777777777778,12.377777777777778,-12.377777777777778,23.644444444444446,-16.711111111111112,-1.5333333333333334,12.177777777777777,10.28888888888889,-18.933333333333334,-11.244444444444444,-6.533333333333333,11.444444444444445
2020-09-23 20:52:00,-25.755555555555556,12.2,-12.488888888888889,23.622222222222224,-16.666666666666668,-1.4222222222222223,12.4,10.266666666666667,-19.11111111111111,-11.266666666666667,-6.333333333333333,11.555555555555555
2020-09-23 20:53:00,-25.755555555555556,12.044444444444444,-12.622222222222222,23.622222222222224,-16.6,-1.3111111111111111,12.622222222222222,10.222222222222221,-19.266666666666666,-11.266666666666667,-6.133333333333334,11.688888888888888
2020-09-23 20:54:00,-25.755555555555556,11.88888888888889,-12.733333333333333,23.6,-16.488888888888887,-1.1555555555555554,12.88888888888889,10.155555555555555,-19.4,-11.222222222222221,-5.955555555555556,11.8
2020-09-23 20:55:00,-25.77777777777778,11.733333333333333,-12.866666666666667,23.555555555555557,-16.355555555555554,-1.0,13.2,10.11111111111111,-19.555555555555557,-11.2,-5.8,11.88888888888889
2020-09-23 20:56:00,-25.822222222222223,11.577777777777778,-13.0,23.488888888888887,-16.22222222222222,-0.8222222222222222,13.533333333333333,10.11111111111111,-19.755555555555556,-11.177777777777777,-5.666666666666667,11.955555555555556
2020-09-23 20:57:00,-25.88888888888889,11.4,-13.088888888888889,23.42222222222222,-16.08888888888889,-0.6444444444444445,13.88888888888889,10.133333333333333,-19.933333333333334,-11.133333333333333,-5.511111111111111,11.977777777777778
2020-09-23 20:58:00,-26.0,11.244444444444444,-13.2,23.4,-15.955555555555556,-0.4888888888888889,14.266666666666667,10.11111111111111,-20.11111111111111,-11.066666666666666,-5.377777777777778,11.977777777777778
2020-09-23 20:59:00,-26.08888888888889,11.066666666666666,-13.28888888888889,23.377777777777776,-15.822222222222223,-0.3333333333333333,14.644444444444444,10.088888888888889,-20.266666666666666,-10.977777777777778,-5.2,11.955555555555556
2020-09-23 21:00:00,-26.2,10.933333333333334,-13.377777777777778,23.355555555555554,-15.688888888888888,-0.17777777777777778,15.0,10.066666666666666,-20.42222222222222,-10.88888888888889,-4.977777777777778,11.911111111111111
2020-09-23 21:01:00,-26.31111111111111,10.822222222222223,-13.511111111111111,23.288888888888888,-15.533333333333333,0.0,15.333333333333334,10.022222222222222,-20.57777777777778,-10.777777777777779,-4.733333333333333,11.88888888888889
2020-09-23 21:02:00,-26.377777777777776,10.71111111111111,-13.688888888888888,23.22222222222222,-15.333333333333334,0.17777777777777778,15.666666666666666,10.0,-20.755555555555556,-10.688888888888888,-4.466666666666667,11.822222222222223
2020-09-23 21:03:00,-26.444444444444443,10.622222222222222,-13.822222222222223,23.133333333333333,-15.11111111111111,0.37777777777777777,16.0,10.0,-20.933333333333334,-10.622222222222222,-4.222222222222222,11.8
2020-09-23 21:04:00,-26.511111111111113,10.577777777777778,-14.0,23.044444444444444,-14.88888888888889,0.5777777777777777,16.31111111111111,9.955555555555556,-21.133333333333333,-10.511111111111111,-4.0,11.8
2020-09-23 21:05:00,-26.57777777777778,10.511111111111111,-14.222222222222221,22.955555555555556,-14.688888888888888,0.7555555555555555,16.57777777777778,9.911111111111111,-21.333333333333332,-10.355555555555556,-3.8222222222222224,11.822222222222223
2020-09-23 21:06:00,-26.644444444444446,10.488888888888889,-14.488888888888889,22.91111111111111,-14.488888888888889,0.9333333333333333,16.866666666666667,9.844444444444445,-21.533333333333335,-10.222222222222221,-3.6444444444444444,11.866666666666667
2020-09-23 21:07:00,-26.666666666666668,10.488888888888889,-14.71111111111111,22.844444444444445,-14.266666666666667,1.1111111111111112,17.155555555555555,9.822222222222223,-21.77777777777778,-10.066666666666666,-3.466666666666667,11.955555555555556
2020-09-23 21:08:00,-26.711111111111112,10.444444444444445,-14.911111111111111,22.755555555555556,-14.044444444444444,1.3111111111111111,17.42222222222222,9.844444444444445,-22.044444444444444,-9.88888888888889,-3.2666666666666666,12.044444444444444
2020-09-23 21:09:00,-26.77777777777778,10.422222222222222,-15.11111111111111,22.68888888888889,-13.777777777777779,1.511111111111111,17.68888888888889,9.844444444444445,-22.266666666666666,-9.733333333333333,-3.066666666666667,12.133333333333333
2020-09-23 21:10:00,-26.8,10.4,-15.311111111111112,22.622222222222224,-13.511111111111111,1.7333333333333334,17.977777777777778,9.822222222222223,-22.466666666666665,-9.533333333333333,-2.8222222222222224,12.177777777777777
2020-09-23 21:11:00,-26.8,10.333333333333334,-15.488888888888889,22.555555555555557,-13.266666666666667,1.9555555555555555,18.244444444444444,9.777777777777779,-22.666666666666668,-9.333333333333334,-2.577777777777778,12.2
2020-09-23 21:12:00,-26.844444444444445,10.266666666666667,-15.688888888888888,22.466666666666665,-13.044444444444444,2.1777777777777776,18.511111111111113,9.733333333333333,-22.866666666666667,-9.155555555555555,-2.3333333333333335,12.244444444444444
2020-09-23 21:13:00,-26.88888888888889,10.244444444444444,-15.844444444444445,22.377777777777776,-12.822222222222223,2.3777777777777778,18.733333333333334,9.666666666666666,-23.044444444444444,-9.022222222222222,-2.0444444444444443,12.311111111111112
2020-09-23 21:14:00,-26.977777777777778,10.266666666666667,-16.0,22.266666666666666,-12.644444444444444,2.577777777777778,18.91111111111111,9.6,-23.22222222222222,-8.911111111111111,-1.7333333333333334,12.333333333333334
2020-09-23 21:15:00,-27.022222222222222,10.244444444444444,-16.155555555555555,22.2,-12.488888888888889,2.8,19.066666666666666,9.577777777777778,-23.377777777777776,-8.755555555555556,-1.4,12.355555555555556
2020-09-23 21:16:00,-27.044444444444444,10.222222222222221,-16.355555555555554,22.155555555555555,-12.333333333333334,3.022222222222222,19.22222222222222,9.577777777777778,-23.57777777777778,-8.555555555555555,-1.0666666666666667,12.4
2020-09-23 21:17:00,-27.066666666666666,10.177777777777777,-16.57777777777778,22.11111111111111,-12.155555555555555,3.2666666666666666,19.377777777777776,9.555555555555555,-23.822222222222223,-8.355555555555556,-0.7555555555555555,12.444444444444445
2020-09-23 21:18:00,-27.066666666666666,10.177777777777777,-16.8,22.022222222222222,-11.955555555555556,3.533333333333333,19.511111111111113,9.533333333333333,-24.066666666666666,-8.155555555555555,-0.4,12.488888888888889
2020-09-23 21:19:00,-27.08888888888889,10.177777777777777,-17.0,21.955555555555556,-11.733333333333333,3.8,19.644444444444446,9.511111111111111,-24.288888888888888,-7.955555555555556,-0.044444444444444446,12.577777777777778
2020-09-23 21:20:00,-27.133333333333333,10.155555555555555,-17.155555555555555,21.88888888888889,-11.533333333333333,4.044444444444444,19.755555555555556,9.511111111111111,-24.488888888888887,-7.777777777777778,0.28888888888888886,12.666666666666666
2020-09-23 21:21:00,-27.2,10.133333333333333,-17.31111111111111,21.866666666666667,-11.377777777777778,4.311111111111111,19.822222222222223,9.511111111111111,-24.68888888888889,-7.622222222222222,0.6222222222222222,12.755555555555556
2020-09-23 21:22:00,-27.31111111111111,10.11111111111111,-17.42222222222222,21.8,-11.244444444444444,4.555555555555555,19.88888888888889,9.555555555555555,-24.91111111111111,-7.511111111111111,0.9777777777777777,12.822222222222223
2020-09-23 21:23:00,-27.4,10.088888888888889,-17.533333333333335,21.755555555555556,-11.088888888888889,4.777777777777778,19.955555555555556,9.577777777777778,-25.133333333333333,-7.4,1.3333333333333333,12.844444444444445
2020-09-23 21:24:00,-27.444444444444443,10.11111111111111,-17.622222222222224,21.711111111111112,-10.933333333333334,5.022222222222222,20.0,9.6,-25.377777777777776,-7.2444444444444445,1.6888888888888889,12.866666666666667
2020-09-23 21:25:00,-27.466666666666665,10.155555555555555,-17.711111111111112,21.68888888888889,-10.822222222222223,5.266666666666667,20.022222222222222,9.666666666666666,-25.622222222222224,-7.133333333333334,2.022222222222222,12.911111111111111
2020-09-23 21:26:00,-27.488888888888887,10.177777777777777,-17.77777777777778,21.644444444444446,-10.688888888888888,5.488888888888889,20.022222222222222,9.777777777777779,-25.822222222222223,-7.044444444444444,2.311111111111111,12.955555555555556
2020-09-23 21:27:00,-27.488888888888887,10.222222222222221,-17.822222222222223,21.622222222222224,-10.533333333333333,5.688888888888889,20.022222222222222,9.88888888888889,-26.022222222222222,-6.977777777777778,2.6,12.977777777777778
2020-09-23 21:28:00,-27.466666666666665,10.28888888888889,-17.866666666666667,21.6,-10.377777777777778,5.888888888888889,20.022222222222222,10.0,-26.244444444444444,-6.911111111111111,2.888888888888889,12.977777777777778
2020-09-23 21:29:00,-27.466666666666665,10.355555555555556,-17.88888888888889,21.6,-10.2,6.111111111111111,20.022222222222222,10.11111111111111,-26.511111111111113,-6.866666666666666,3.1555555555555554,13.0
2020-09-23 21:30:00,-27.42222222222222,10.466666666666667,-17.88888888888889,21.622222222222224,-10.044444444444444,6.355555555555555,20.022222222222222,10.222222222222221,-26.77777777777778,-6.777777777777778,3.4,13.0
2020-09-23 21:31:00,-27.4,10.555555555555555,-17.844444444444445,21.644444444444446,-9.844444444444445,6.622222222222222,19.977777777777778,10.333333333333334,-27.044444444444444,-6.688888888888889,3.6,13.0
2020-09-23 21:32:00,-27.4,10.666666666666666,-17.822222222222223,21.711111111111112,-9.688888888888888,6.844444444444444,19.977777777777778,10.488888888888889,-27.31111111111111,-6.6,3.8,13.022222222222222
2020-09-23 21:33:00,-27.355555555555554,10.755555555555556,-17.844444444444445,21.822222222222223,-9.555555555555555,7.066666666666666,19.955555555555556,10.6,-27.533333333333335,-6.511111111111111,4.0,13.066666666666666
2020-09-23 21:34:00,-27.31111111111111,10.844444444444445,-17.866666666666667,21.933333333333334,-9.377777777777778,7.288888888888889,19.955555555555556,10.688888888888888,-27.77777777777778,-6.377777777777778,4.222222222222222,13.088888888888889
2020-09-23 21:35:00,-27.266666666666666,10.911111111111111,-17.88888888888889,22.044444444444444,-9.244444444444444,7.555555555555555,19.977777777777778,10.777777777777779,-28.022222222222222,-6.266666666666667,4.4,13.088888888888889
2020-09-23 21:36:00,-27.22222222222222,10.955555555555556,-17.933333333333334,22.133333333333333,-9.11111111111111,7.777777777777778,20.0,10.866666666666667,-28.31111111111111,-6.133333333333334,4.5777777777777775,13.11111111111111
2020-09-23 21:37:00,-27.2,10.977777777777778,-17.955555555555556,22.22222222222222,-8.977777777777778,8.0,20.022222222222222,10.955555555555556,-28.57777777777778,-6.0,4.777777777777778,13.11111111111111
2020-09-23 21:38:00,-27.133333333333333,11.0,-17.955555555555556,22.288888888888888,-8.866666666666667,8.2,20.044444444444444,11.044444444444444,-28.866666666666667,-5.866666666666666,4.933333333333334,13.11111111111111
2020-09-23 21:39:00,-27.066666666666666,11.0,-17.977777777777778,22.333333333333332,-8.755555555555556,8.4,20.044444444444444,11.11111111111111,-29.177777777777777,-5.733333333333333,5.088888888888889,13.133333333333333
2020-09-23 21:40:00,-26.977777777777778,11.044444444444444,-17.977777777777778,22.377777777777776,-8.688888888888888,8.6,20.044444444444444,11.133333333333333,-29.444444444444443,-5.6,5.2444444444444445,13.2
2020-09-23 21:41:00,-26.866666666666667,11.066666666666666,-17.955555555555556,22.444444444444443,-8.6,8.755555555555556,20.022222222222222,11.11111111111111,-29.666666666666668,-5.466666666666667,5.377777777777778,13.266666666666667
2020-09-23 21:42:00,-26.733333333333334,11.088888888888889,-17.977777777777778,22.511111111111113,-8.555555555555555,8.866666666666667,20.0,11.066666666666666,-29.91111111111111,-5.333333333333333,5.466666666666667,13.355555555555556
2020-09-23 21:43:00,-26.57777777777778,11.133333333333333,-17.977777777777778,22.57777777777778,-8.466666666666667,8.977777777777778,20.0,11.022222222222222,-30.133333333333333,-5.2,5.555555555555555,13.466666666666667
2020-09-23 21:44:00,-26.444444444444443,11.177777777777777,-18.0,22.644444444444446,-8.422222222222222,9.066666666666666,20.0,11.0,-30.355555555555554,-5.066666666666666,5.6,13.622222222222222
2020-09-23 21:45:00,-26.288888888888888,11.222222222222221,-18.022222222222222,22.711111111111112,-8.422222222222222,9.177777777777777,20.022222222222222,11.0,-30.622222222222224,-4.911111111111111,5.6,13.777777777777779
2020-09-23 21:46:00,-26.155555555555555,11.244444444444444,-18.044444444444444,22.77777777777778,-8.444444444444445,9.266666666666667,20.044444444444444,11.0,-30.88888888888889,-4.777777777777778,5.622222222222222,13.933333333333334
2020-09-23 21:47:00,-26.044444444444444,11.266666666666667,-18.022222222222222,22.822222222222223,-8.488888888888889,9.355555555555556,20.044444444444444,11.0,-31.155555555555555,-4.6,5.622222222222222,14.088888888888889
2020-09-23 21:48:00,-25.933333333333334,11.311111111111112,-18.044444444444444,22.88888888888889,-8.533333333333333,9.444444444444445,20.066666666666666,10.977777777777778,-31.4,-4.377777777777778,5.644444444444445,14.244444444444444
2020-09-23 21:49:00,-25.8,11.355555555555556,-18.044444444444444,22.955555555555556,-8.6,9.533333333333333,20.11111111111111,10.955555555555556,-31.644444444444446,-4.177777777777778,5.688888888888889,14.4
2020-09-23 21:50:00,-25.666666666666668,11.422222222222222,-18.022222222222222,23.022222222222222,-8.666666666666666,9.666666666666666,20.177777777777777,10.911111111111111,-31.88888888888889,-4.022222222222222,5.7555555555555555,14.533333333333333
2020-09-23 21:51:00,-25.555555555555557,11.488888888888889,-17.955555555555556,23.08888888888889,-8.733333333333333,9.777777777777779,20.266666666666666,10.88888888888889,-32.08888888888889,-3.8444444444444446,5.822222222222222,14.666666666666666
2020-09-23 21:52:00,-25.444444444444443,11.533333333333333,-17.88888888888889,23.155555555555555,-8.777777777777779,9.911111111111111,20.333333333333332,10.822222222222223,-32.24444444444445,-3.688888888888889,5.888888888888889,14.8
2020-09-23 21:53:00,-25.31111111111111,11.577777777777778,-17.866666666666667,23.22222222222222,-8.777777777777779,10.022222222222222,20.377777777777776,10.71111111111111,-32.37777777777778,-3.533333333333333,5.933333333333334,14.933333333333334
2020-09-23 21:54:00,-25.133333333333333,11.622222222222222,-17.8,23.266666666666666,-8.777777777777779,10.133333333333333,20.42222222222222,10.6,-32.51111111111111,-3.3777777777777778,5.977777777777778,15.066666666666666
2020-09-23 21:55:00,-24.977777777777778,11.644444444444444,-17.733333333333334,23.333333333333332,-8.777777777777779,10.2,20.466666666666665,10.511111111111111,-32.644444444444446,-3.2444444444444445,6.022222222222222,15.222222222222221
2020-09-23 21:56:00,-24.844444444444445,11.71111111111111,-17.666666666666668,23.444444444444443,-8.755555555555556,10.222222222222221,20.488888888888887,10.444444444444445,-32.77777777777778,-3.088888888888889,6.044444444444444,15.4
2020-09-23 21:57:00,-24.711111111111112,11.733333333333333,-17.555555555555557,23.555555555555557,-8.71111111111111,10.28888888888889,20.466666666666665,10.377777777777778,-32.93333333333333,-2.933333333333333,6.044444444444444,15.555555555555555
2020-09-23 21:58:00,-24.555555555555557,11.71111111111111,-17.444444444444443,23.711111111111112,-8.622222222222222,10.377777777777778,20.488888888888887,10.28888888888889,-33.13333333333333,-2.7555555555555555,6.0,15.688888888888888
2020-09-23 21:59:00,-24.377777777777776,11.688888888888888,-17.288888888888888,23.866666666666667,-8.511111111111111,10.422222222222222,20.511111111111113,10.177777777777777,-33.333333333333336,-2.6,5.911111111111111,15.822222222222223
